[{"model": "esi_players.player", "pk": 1, "fields": {"player_id": 10240, "ign": "snatchie", "first_name": "Michał", "last_name": "Rudzki", "images": 94, "country": 1, "stats": null}}, {"model": "esi_players.player", "pk": 2, "fields": {"player_id": 10247, "ign": "mynio", "first_name": "Wiktor", "last_name": "Kruk", "images": 95, "country": 1, "stats": null}}, {"model": "esi_players.player", "pk": 3, "fields": {"player_id": 10471, "ign": "lunAtic", "first_name": "Dawid", "last_name": "Cieślak", "images": 96, "country": 1, "stats": null}}, {"model": "esi_players.player", "pk": 4, "fields": {"player_id": 10477, "ign": "BTN", "first_name": "Catalin-Ionut", "last_name": "Stanescu", "images": 97, "country": 2, "stats": null}}, {"model": "esi_players.player", "pk": 5, "fields": {"player_id": 10482, "ign": "jR", "first_name": "Dmitriy", "last_name": "Chervak", "images": 98, "country": 3, "stats": null}}, {"model": "esi_players.player", "pk": 6, "fields": {"player_id": 10484, "ign": "Mir", "first_name": "Nikolay", "last_name": "Bityukov", "images": 99, "country": 4, "stats": null}}, {"model": "esi_players.player", "pk": 7, "fields": {"player_id": 10489, "ign": "S0tF1k", "first_name": "Dmitry", "last_name": "Forostyanko", "images": 100, "country": 4, "stats": null}}, {"model": "esi_players.player", "pk": 8, "fields": {"player_id": 10492, "ign": "Dima", "first_name": "Dmitriy", "last_name": "Bandurka", "images": 101, "country": 4, "stats": null}}, {"model": "esi_players.player", "pk": 9, "fields": {"player_id": 10877, "ign": "EliGE", "first_name": "Jonathan", "last_name": "Jablonowski", "images": 102, "country": 5, "stats": null}}, {"model": "esi_players.player", "pk": 10, "fields": {"player_id": 10889, "ign": "NAF", "first_name": "Keith", "last_name": "Markovic", "images": 103, "country": 6, "stats": null}}, {"model": "esi_players.player", "pk": 11, "fields": {"player_id": 10890, "ign": "Stanislaw", "first_name": "Peter", "last_name": "Jarguz", "images": 104, "country": 6, "stats": null}}, {"model": "esi_players.player", "pk": 12, "fields": {"player_id": 10900, "ign": "jks-", "first_name": "Justin", "last_name": "Savage", "images": 105, "country": 7, "stats": null}}, {"model": "esi_players.player", "pk": 13, "fields": {"player_id": 10901, "ign": "AZR", "first_name": "Aaron", "last_name": "Ward", "images": 106, "country": 7, "stats": null}}, {"model": "esi_players.player", "pk": 14, "fields": {"player_id": 10929, "ign": "hen1", "first_name": "Henrique", "last_name": "Teles", "images": 107, "country": 8, "stats": null}}, {"model": "esi_players.player", "pk": 15, "fields": {"player_id": 10935, "ign": "felps", "first_name": "Joao", "last_name": "Vasconcellos", "images": 108, "country": 8, "stats": null}}, {"model": "esi_players.player", "pk": 16, "fields": {"player_id": 10999, "ign": "Stewie2k", "first_name": "Jake", "last_name": "Yip", "images": 109, "country": 5, "stats": null}}, {"model": "esi_players.player", "pk": 17, "fields": {"player_id": 11005, "ign": "fl0m", "first_name": "Erik", "last_name": "Flom", "images": 110, "country": 5, "stats": null}}, {"model": "esi_players.player", "pk": 18, "fields": {"player_id": 11014, "ign": "DAVEY", "first_name": "David", "last_name": "Stafford", "images": 111, "country": 6, "stats": null}}, {"model": "esi_players.player", "pk": 19, "fields": {"player_id": 11110, "ign": "Sico", "first_name": "Simon", "last_name": "Williams", "images": 112, "country": 9, "stats": null}}, {"model": "esi_players.player", "pk": 20, "fields": {"player_id": 11113, "ign": "bURNRUOk", "first_name": "Cal", "last_name": "Henderson", "images": 113, "country": 7, "stats": null}}, {"model": "esi_players.player", "pk": 21, "fields": {"player_id": 11119, "ign": "Rickeh", "first_name": "Ricky", "last_name": "Mulholland", "images": 114, "country": 7, "stats": null}}, {"model": "esi_players.player", "pk": 22, "fields": {"player_id": 11122, "ign": "USTILO", "first_name": "Karlo", "last_name": "Pivac", "images": 115, "country": 7, "stats": null}}, {"model": "esi_players.player", "pk": 23, "fields": {"player_id": 11135, "ign": "ap0c", "first_name": "Mike", "last_name": "Aliferis", "images": 116, "country": 7, "stats": null}}, {"model": "esi_players.player", "pk": 24, "fields": {"player_id": 11137, "ign": "ofnu", "first_name": "Chris", "last_name": "Hanley", "images": 117, "country": 9, "stats": null}}, {"model": "esi_players.player", "pk": 25, "fields": {"player_id": 11155, "ign": "zhokiNg", "first_name": "Weijie", "last_name": "Zhong", "images": 118, "country": 10, "stats": null}}, {"model": "esi_players.player", "pk": 26, "fields": {"player_id": 11163, "ign": "Summer", "first_name": "Yulun", "last_name": "Cai", "images": 119, "country": 10, "stats": null}}, {"model": "esi_players.player", "pk": 27, "fields": {"player_id": 11165, "ign": "somebody", "first_name": "Haowen", "last_name": "Xu", "images": 120, "country": 10, "stats": null}}, {"model": "esi_players.player", "pk": 28, "fields": {"player_id": 11179, "ign": "bottle", "first_name": "Lei", "last_name": "Mao", "images": 121, "country": 10, "stats": null}}, {"model": "esi_players.player", "pk": 29, "fields": {"player_id": 11189, "ign": "advent", "first_name": "Zhuo", "last_name": "Liang", "images": 122, "country": 10, "stats": null}}, {"model": "esi_players.player", "pk": 30, "fields": {"player_id": 11211, "ign": "AttackeR", "first_name": "YuanZhang", "last_name": "Sheng", "images": 123, "country": 10, "stats": null}}, {"model": "esi_players.player", "pk": 31, "fields": {"player_id": 11772, "ign": "Caike", "first_name": "Caike", "last_name": "Costa", "images": 124, "country": 8, "stats": null}}, {"model": "esi_players.player", "pk": 32, "fields": {"player_id": 11898, "ign": "electronic", "first_name": "Denis", "last_name": "Sharipov", "images": 125, "country": 4, "stats": null}}, {"model": "esi_players.player", "pk": 33, "fields": {"player_id": 12141, "ign": "kalinka", "first_name": "Nikolaj", "last_name": "Rysakov", "images": 126, "country": 11, "stats": null}}, {"model": "esi_players.player", "pk": 34, "fields": {"player_id": 12149, "ign": "Hobbit", "first_name": "Abay", "last_name": "Khassenov", "images": 127, "country": 12, "stats": null}}, {"model": "esi_players.player", "pk": 35, "fields": {"player_id": 12169, "ign": "mou", "first_name": "Rustem", "last_name": "Telepov", "images": 128, "country": 12, "stats": null}}, {"model": "esi_players.player", "pk": 36, "fields": {"player_id": 12216, "ign": "yeL", "first_name": "Gustavo", "last_name": "Knittel", "images": 129, "country": 8, "stats": null}}, {"model": "esi_players.player", "pk": 37, "fields": {"player_id": 12552, "ign": "Dexter", "first_name": "Chris", "last_name": "Nong", "images": 130, "country": 7, "stats": null}}, {"model": "esi_players.player", "pk": 38, "fields": {"player_id": 12563, "ign": "Liazz", "first_name": "Jay", "last_name": "Tregillgas", "images": 131, "country": 7, "stats": null}}, {"model": "esi_players.player", "pk": 39, "fields": {"player_id": 12566, "ign": "aliStair", "first_name": "Alistair", "last_name": "Johnston", "images": 132, "country": 7, "stats": null}}, {"model": "esi_players.player", "pk": 40, "fields": {"player_id": 12568, "ign": "Gratisfaction", "first_name": "Sean", "last_name": "Kaiwai", "images": 133, "country": 7, "stats": null}}, {"model": "esi_players.player", "pk": 41, "fields": {"player_id": 12569, "ign": "Ins", "first_name": "Josh", "last_name": "Potter", "images": 134, "country": 7, "stats": null}}, {"model": "esi_players.player", "pk": 42, "fields": {"player_id": 12591, "ign": "Malta", "first_name": "Liam", "last_name": "Schembri", "images": 135, "country": 7, "stats": null}}, {"model": "esi_players.player", "pk": 43, "fields": {"player_id": 12598, "ign": "Willyks", "first_name": "Wilson", "last_name": "Sugianto", "images": 136, "country": 13, "stats": null}}, {"model": "esi_players.player", "pk": 44, "fields": {"player_id": 12811, "ign": "Brehze", "first_name": "Vincent", "last_name": "Cayonte", "images": 137, "country": 5, "stats": null}}, {"model": "esi_players.player", "pk": 45, "fields": {"player_id": 12889, "ign": "tatazin", "first_name": "Alef", "last_name": "Pereira", "images": 138, "country": 8, "stats": null}}, {"model": "esi_players.player", "pk": 46, "fields": {"player_id": 13717, "ign": "Chopper", "first_name": "Leonid", "last_name": "Vishnyakov", "images": 139, "country": 4, "stats": null}}, {"model": "esi_players.player", "pk": 47, "fields": {"player_id": 15488, "ign": "aumaN", "first_name": "Liu", "last_name": "ZhiHong", "images": 140, "country": 10, "stats": null}}, {"model": "esi_players.player", "pk": 48, "fields": {"player_id": 20010, "ign": "Hatz", "first_name": "Jordan", "last_name": "Bajic", "images": 141, "country": 7, "stats": null}}, {"model": "esi_players.player", "pk": 49, "fields": {"player_id": 21563, "ign": "shz", "first_name": "Bruno", "last_name": "Martinelli", "images": 142, "country": 8, "stats": null}}, {"model": "esi_players.player", "pk": 50, "fields": {"player_id": 21888, "ign": "djay", "first_name": "Jonathan", "last_name": "Dallal", "images": 143, "country": 6, "stats": null}}, {"model": "esi_players.player", "pk": 51, "fields": {"player_id": 21914, "ign": "kaze", "first_name": "Andrew", "last_name": "Khong", "images": 144, "country": 14, "stats": null}}, {"model": "esi_players.player", "pk": 52, "fields": {"player_id": 21917, "ign": "qqGod", "first_name": "Phoomphat", "last_name": "Phojjanart", "images": 145, "country": 15, "stats": null}}, {"model": "esi_players.player", "pk": 53, "fields": {"player_id": 21918, "ign": "Olivia", "first_name": "Peeratch", "last_name": "Ingkudanonda", "images": 146, "country": 15, "stats": null}}, {"model": "esi_players.player", "pk": 54, "fields": {"player_id": 23358, "ign": "stk", "first_name": "Anupong", "last_name": "Mueangngam", "images": 147, "country": 15, "stats": null}}, {"model": "esi_players.player", "pk": 55, "fields": {"player_id": 23637, "ign": "exit", "first_name": "Raphael", "last_name": "Lacerta", "images": 148, "country": 8, "stats": null}}, {"model": "esi_players.player", "pk": 56, "fields": {"player_id": 23640, "ign": "jnt", "first_name": "Jhonatan", "last_name": "Silva", "images": 149, "country": 8, "stats": null}}, {"model": "esi_players.player", "pk": 57, "fields": {"player_id": 23642, "ign": "Maluk3", "first_name": "Pedro", "last_name": "Campos", "images": 150, "country": 8, "stats": null}}, {"model": "esi_players.player", "pk": 58, "fields": {"player_id": 23724, "ign": "InJect", "first_name": "Steve", "last_name": "Honan", "images": 151, "country": 7, "stats": null}}, {"model": "esi_players.player", "pk": 59, "fields": {"player_id": 25497, "ign": "JonY BoY", "first_name": "Jonathan", "last_name": "Muñoz", "images": 152, "country": 16, "stats": null}}, {"model": "esi_players.player", "pk": 60, "fields": {"player_id": 25575, "ign": "Polen", "first_name": "Adam", "last_name": "Polen", "images": 153, "country": 5, "stats": null}}, {"model": "esi_players.player", "pk": 61, "fields": {"player_id": 25578, "ign": "Hunter", "first_name": "Joshua", "last_name": "Madore", "images": 154, "country": 5, "stats": null}}, {"model": "esi_players.player", "pk": 62, "fields": {"player_id": 26727, "ign": "tweiss", "first_name": "Tyler", "last_name": "Weiss", "images": 155, "country": 5, "stats": null}}, {"model": "esi_players.player", "pk": 63, "fields": {"player_id": 26754, "ign": "ben1337", "first_name": "Ben", "last_name": "Smith", "images": 156, "country": 5, "stats": null}}, {"model": "esi_players.player", "pk": 64, "fields": {"player_id": 27091, "ign": "rbz", "first_name": "Daniel", "last_name": "Urbani", "images": 157, "country": 7, "stats": null}}, {"model": "esi_players.player", "pk": 65, "fields": {"player_id": 27114, "ign": "HUGHMUNGUS/ stat", "first_name": "Hugh", "last_name": "Anderson", "images": 158, "country": 7, "stats": null}}, {"model": "esi_players.player", "pk": 66, "fields": {"player_id": 27117, "ign": "BL1TZ", "first_name": "Peter", "last_name": "Athanasatos", "images": 159, "country": 7, "stats": null}}, {"model": "esi_players.player", "pk": 67, "fields": {"player_id": 27131, "ign": "SWANKY", "first_name": "Matthew", "last_name": "McDonald", "images": 160, "country": 7, "stats": null}}, {"model": "esi_players.player", "pk": 68, "fields": {"player_id": 27135, "ign": "Ayrez", "first_name": "Isaac", "last_name": "Ayre", "images": 161, "country": 7, "stats": null}}, {"model": "esi_players.player", "pk": 69, "fields": {"player_id": 27333, "ign": "DeStRoYeR / Originalheart", "first_name": "Gu", "last_name": "JiaMing", "images": 162, "country": 10, "stats": null}}, {"model": "esi_players.player", "pk": 70, "fields": {"player_id": 27440, "ign": "C0M", "first_name": "Corbin", "last_name": "Lee", "images": 163, "country": 5, "stats": null}}, {"model": "esi_players.player", "pk": 71, "fields": {"player_id": 27453, "ign": "JonahP", "first_name": "Jonah", "last_name": "Pulice", "images": 164, "country": 6, "stats": null}}, {"model": "esi_players.player", "pk": 72, "fields": {"player_id": 27572, "ign": "Noobster", "first_name": "Andy", "last_name": "Zhang", "images": 165, "country": 7, "stats": null}}, {"model": "esi_players.player", "pk": 73, "fields": {"player_id": 27901, "ign": "MAIROLLS", "first_name": "Maitri", "last_name": "Sukrob", "images": 166, "country": 15, "stats": null}}, {"model": "esi_players.player", "pk": 74, "fields": {"player_id": 27903, "ign": "kntz", "first_name": "Krit", "last_name": "Chaiprasit", "images": 167, "country": 15, "stats": null}}, {"model": "esi_players.player", "pk": 75, "fields": {"player_id": 28446, "ign": "chelo", "first_name": "Marcelo", "last_name": "Cespedes", "images": 168, "country": 8, "stats": null}}, {"model": "esi_players.player", "pk": 76, "fields": {"player_id": 28864, "ign": "Noktse", "first_name": "Nicolás", "last_name": "Dávila", "images": 169, "country": 16, "stats": null}}, {"model": "esi_players.player", "pk": 77, "fields": {"player_id": 29420, "ign": "XiaosaGe", "first_name": "Song", "last_name": "Peng", "images": 170, "country": 10, "stats": null}}, {"model": "esi_players.player", "pk": 78, "fields": {"player_id": 30071, "ign": "Leo_druNky", "first_name": "Leo", "last_name": "Olivares", "images": 171, "country": 8, "stats": null}}, {"model": "esi_players.player", "pk": 79, "fields": {"player_id": 30185, "ign": "FrostayK", "first_name": "Trevor", "last_name": "Bandle", "images": 172, "country": 5, "stats": null}}, {"model": "esi_players.player", "pk": 80, "fields": {"player_id": 30260, "ign": "tconnors", "first_name": "Thomas", "last_name": "Connors", "images": 173, "country": 5, "stats": null}}, {"model": "esi_players.player", "pk": 81, "fields": {"player_id": 31650, "ign": "HaZR", "first_name": "Jared", "last_name": "O'Bree", "images": 174, "country": 7, "stats": null}}, {"model": "esi_players.player", "pk": 82, "fields": {"player_id": 31784, "ign": "soju_j", "first_name": "Jay", "last_name": "Jeong", "images": 175, "country": 9, "stats": null}}, {"model": "esi_players.player", "pk": 83, "fields": {"player_id": 31788, "ign": "j1rah", "first_name": "Jireh", "last_name": "Youakim", "images": 176, "country": 7, "stats": null}}, {"model": "esi_players.player", "pk": 84, "fields": {"player_id": 32825, "ign": "dok", "first_name": "Michael", "last_name": "Marques", "images": 177, "country": 8, "stats": null}}, {"model": "esi_players.player", "pk": 85, "fields": {"player_id": 32827, "ign": "prt", "first_name": "Matheus", "last_name": "Scuvero", "images": 178, "country": 8, "stats": null}}, {"model": "esi_players.player", "pk": 86, "fields": {"player_id": 33886, "ign": "reversive", "first_name": "Roberto", "last_name": "Themtham", "images": 179, "country": 16, "stats": null}}, {"model": "esi_players.player", "pk": 87, "fields": {"player_id": 39310, "ign": "remix", "first_name": "Victor", "last_name": "Monteiro", "images": 180, "country": 8, "stats": null}}, {"model": "esi_players.player", "pk": 88, "fields": {"player_id": 39315, "ign": "ALLE ", "first_name": "Alexandre", "last_name": "Santos", "images": 181, "country": 8, "stats": null}}, {"model": "esi_players.player", "pk": 89, "fields": {"player_id": 8140, "ign": "flamie", "first_name": "Egor", "last_name": "Vasilyev", "images": 182, "country": 4, "stats": null}}, {"model": "esi_players.player", "pk": 90, "fields": {"player_id": 8142, "ign": "Neo", "first_name": "Filip", "last_name": "Kubski", "images": 183, "country": 1, "stats": null}}, {"model": "esi_players.player", "pk": 91, "fields": {"player_id": 8143, "ign": "TaZ", "first_name": "Wiktor", "last_name": "Wojtas", "images": 184, "country": 1, "stats": null}}, {"model": "esi_players.player", "pk": 92, "fields": {"player_id": 8145, "ign": "byali", "first_name": "Paweł", "last_name": "Bieliński", "images": 185, "country": 1, "stats": null}}, {"model": "esi_players.player", "pk": 93, "fields": {"player_id": 8146, "ign": "Karrigan", "first_name": "Finn", "last_name": "Andersen", "images": 186, "country": 17, "stats": null}}, {"model": "esi_players.player", "pk": 94, "fields": {"player_id": 8147, "ign": "device", "first_name": "Nicolai", "last_name": "Reedtz", "images": 187, "country": 17, "stats": null}}, {"model": "esi_players.player", "pk": 95, "fields": {"player_id": 8148, "ign": "dupreeh", "first_name": "Peter", "last_name": "Rothmann", "images": 188, "country": 17, "stats": null}}, {"model": "esi_players.player", "pk": 96, "fields": {"player_id": 8152, "ign": "flusha", "first_name": "Robin", "last_name": "Rönnquist", "images": 189, "country": 18, "stats": null}}, {"model": "esi_players.player", "pk": 97, "fields": {"player_id": 8153, "ign": "JW", "first_name": "Jesper", "last_name": "Wecksell", "images": 190, "country": 18, "stats": null}}, {"model": "esi_players.player", "pk": 98, "fields": {"player_id": 8154, "ign": "KRiMZ", "first_name": "Freddy", "last_name": "Johansson", "images": 191, "country": 18, "stats": null}}, {"model": "esi_players.player", "pk": 99, "fields": {"player_id": 8160, "ign": "allu", "first_name": "Aleksi", "last_name": "Jalli", "images": 192, "country": 19, "stats": null}}, {"model": "esi_players.player", "pk": 100, "fields": {"player_id": 8165, "ign": "NBK-", "first_name": "Nathan", "last_name": "Schmitt", "images": 193, "country": 20, "stats": null}}, {"model": "esi_players.player", "pk": 101, "fields": {"player_id": 8169, "ign": "kioShiMa", "first_name": "Fabien", "last_name": "Fiey", "images": 194, "country": 20, "stats": null}}, {"model": "esi_players.player", "pk": 102, "fields": {"player_id": 8170, "ign": "apEX", "first_name": "Dan", "last_name": "Madesclaire", "images": 195, "country": 20, "stats": null}}, {"model": "esi_players.player", "pk": 103, "fields": {"player_id": 8171, "ign": "kennyS", "first_name": "Kenny", "last_name": "Schrub", "images": 196, "country": 20, "stats": null}}, {"model": "esi_players.player", "pk": 104, "fields": {"player_id": 8179, "ign": "shox", "first_name": "Richard", "last_name": "Papillon", "images": 197, "country": 20, "stats": null}}, {"model": "esi_players.player", "pk": 105, "fields": {"player_id": 8189, "ign": "RpK", "first_name": "Cédric", "last_name": "Guipouy", "images": 198, "country": 20, "stats": null}}, {"model": "esi_players.player", "pk": 106, "fields": {"player_id": 8199, "ign": "STYKO", "first_name": "Martin", "last_name": "Styk", "images": 199, "country": 21, "stats": null}}, {"model": "esi_players.player", "pk": 107, "fields": {"player_id": 8200, "ign": "s1mple", "first_name": "Oleksandr", "last_name": "Kostyliev", "images": 200, "country": 3, "stats": null}}, {"model": "esi_players.player", "pk": 108, "fields": {"player_id": 8204, "ign": "SZPERO", "first_name": "Grzegorz", "last_name": "Dziamałek", "images": 201, "country": 1, "stats": null}}, {"model": "esi_players.player", "pk": 109, "fields": {"player_id": 8220, "ign": "GruBy", "first_name": "Dominik", "last_name": "Swiderski", "images": 202, "country": 1, "stats": null}}, {"model": "esi_players.player", "pk": 110, "fields": {"player_id": 8223, "ign": "Furlan", "first_name": "Damian", "last_name": "Kisłowski", "images": 203, "country": 1, "stats": null}}, {"model": "esi_players.player", "pk": 111, "fields": {"player_id": 8235, "ign": "facecrack", "first_name": "Dmitriy", "last_name": "Alekseyev", "images": 204, "country": 4, "stats": null}}, {"model": "esi_players.player", "pk": 112, "fields": {"player_id": 8238, "ign": "bondik", "first_name": "Vlаdуslаv", "last_name": "Nеchуроrchuk", "images": 205, "country": 3, "stats": null}}, {"model": "esi_players.player", "pk": 113, "fields": {"player_id": 8241, "ign": "DavCost", "first_name": "Vadim", "last_name": "Vasilyev", "images": 206, "country": 4, "stats": null}}, {"model": "esi_players.player", "pk": 114, "fields": {"player_id": 8256, "ign": "tenzki", "first_name": "Jesper", "last_name": "Plougmann", "images": 207, "country": 17, "stats": null}}, {"model": "esi_players.player", "pk": 115, "fields": {"player_id": 8287, "ign": "denis", "first_name": "Denis", "last_name": "Howell", "images": 208, "country": 22, "stats": null}}, {"model": "esi_players.player", "pk": 116, "fields": {"player_id": 8293, "ign": "Spiidi", "first_name": "Tiimo", "last_name": "Richter", "images": 209, "country": 22, "stats": null}}, {"model": "esi_players.player", "pk": 117, "fields": {"player_id": 8299, "ign": "jkaem", "first_name": "Joakim", "last_name": "Myrbostad", "images": 210, "country": 23, "stats": null}}, {"model": "esi_players.player", "pk": 118, "fields": {"player_id": 8325, "ign": "arki", "first_name": "Omar", "last_name": "Chakkor", "images": 211, "country": 24, "stats": null}}, {"model": "esi_players.player", "pk": 119, "fields": {"player_id": 8520, "ign": "tarik", "first_name": "Tarik", "last_name": "Celik", "images": 212, "country": 5, "stats": null}}, {"model": "esi_players.player", "pk": 120, "fields": {"player_id": 9011, "ign": "boltz", "first_name": "Ricardo", "last_name": "Prass", "images": 213, "country": 8, "stats": null}}, {"model": "esi_players.player", "pk": 121, "fields": {"player_id": 9738, "ign": "robiin", "first_name": "Robin", "last_name": "Sjögren", "images": 214, "country": 18, "stats": null}}, {"model": "esi_players.player", "pk": 122, "fields": {"player_id": 9752, "ign": "niki1", "first_name": "Nikolay", "last_name": "Pantaleev", "images": 215, "country": 25, "stats": null}}, {"model": "esi_players.images", "pk": 1, "fields": {"default": "https://img.abiosgaming.com/flags/Poland.png", "thumbnail": "https://img.abiosgaming.com/flags/thumbnails/Poland.png"}}, {"model": "esi_players.images", "pk": 2, "fields": {"default": "https://img.abiosgaming.com/flags/Romania.png", "thumbnail": "https://img.abiosgaming.com/flags/thumbnails/Romania.png"}}, {"model": "esi_players.images", "pk": 3, "fields": {"default": "https://img.abiosgaming.com/flags/Ukraine.png", "thumbnail": "https://img.abiosgaming.com/flags/thumbnails/Ukraine.png"}}, {"model": "esi_players.images", "pk": 4, "fields": {"default": "https://img.abiosgaming.com/flags/Russia.png", "thumbnail": "https://img.abiosgaming.com/flags/thumbnails/Russia.png"}}, {"model": "esi_players.images", "pk": 5, "fields": {"default": "https://img.abiosgaming.com/flags/United-States.png", "thumbnail": "https://img.abiosgaming.com/flags/thumbnails/United-States.png"}}, {"model": "esi_players.images", "pk": 6, "fields": {"default": "https://img.abiosgaming.com/flags/Canada.png", "thumbnail": "https://img.abiosgaming.com/flags/thumbnails/Canada.png"}}, {"model": "esi_players.images", "pk": 7, "fields": {"default": "https://img.abiosgaming.com/flags/Australia.png", "thumbnail": "https://img.abiosgaming.com/flags/thumbnails/Australia.png"}}, {"model": "esi_players.images", "pk": 8, "fields": {"default": "https://img.abiosgaming.com/flags/Brazil.png", "thumbnail": "https://img.abiosgaming.com/flags/thumbnails/Brazil.png"}}, {"model": "esi_players.images", "pk": 9, "fields": {"default": "https://img.abiosgaming.com/flags/New-Zealand.png", "thumbnail": "https://img.abiosgaming.com/flags/thumbnails/New-Zealand.png"}}, {"model": "esi_players.images", "pk": 10, "fields": {"default": "https://img.abiosgaming.com/flags/China.png", "thumbnail": "https://img.abiosgaming.com/flags/thumbnails/China.png"}}, {"model": "esi_players.images", "pk": 11, "fields": {"default": "https://img.abiosgaming.com/flags/Lithuania.png", "thumbnail": "https://img.abiosgaming.com/flags/thumbnails/Lithuania.png"}}, {"model": "esi_players.images", "pk": 12, "fields": {"default": "https://img.abiosgaming.com/flags/Kazakhstan.png", "thumbnail": "https://img.abiosgaming.com/flags/thumbnails/Kazakhstan.png"}}, {"model": "esi_players.images", "pk": 13, "fields": {"default": "https://img.abiosgaming.com/flags/Indonesia.png", "thumbnail": "https://img.abiosgaming.com/flags/thumbnails/Indonesia.png"}}, {"model": "esi_players.images", "pk": 14, "fields": {"default": "https://img.abiosgaming.com/flags/Malaysia.png", "thumbnail": "https://img.abiosgaming.com/flags/thumbnails/Malaysia.png"}}, {"model": "esi_players.images", "pk": 15, "fields": {"default": "https://img.abiosgaming.com/flags/Thailand.png", "thumbnail": "https://img.abiosgaming.com/flags/thumbnails/Thailand.png"}}, {"model": "esi_players.images", "pk": 16, "fields": {"default": "https://img.abiosgaming.com/flags/Argentina.png", "thumbnail": "https://img.abiosgaming.com/flags/thumbnails/Argentina.png"}}, {"model": "esi_players.images", "pk": 17, "fields": {"default": "https://img.abiosgaming.com/flags/Denmark.png", "thumbnail": "https://img.abiosgaming.com/flags/thumbnails/Denmark.png"}}, {"model": "esi_players.images", "pk": 18, "fields": {"default": "https://img.abiosgaming.com/flags/Sweden.png", "thumbnail": "https://img.abiosgaming.com/flags/thumbnails/Sweden.png"}}, {"model": "esi_players.images", "pk": 19, "fields": {"default": "https://img.abiosgaming.com/flags/Finland.png", "thumbnail": "https://img.abiosgaming.com/flags/thumbnails/Finland.png"}}, {"model": "esi_players.images", "pk": 20, "fields": {"default": "https://img.abiosgaming.com/flags/France.png", "thumbnail": "https://img.abiosgaming.com/flags/thumbnails/France.png"}}, {"model": "esi_players.images", "pk": 21, "fields": {"default": "https://img.abiosgaming.com/flags/Slovakia.png", "thumbnail": "https://img.abiosgaming.com/flags/thumbnails/Slovakia.png"}}, {"model": "esi_players.images", "pk": 22, "fields": {"default": "https://img.abiosgaming.com/flags/Germany.png", "thumbnail": "https://img.abiosgaming.com/flags/thumbnails/Germany.png"}}, {"model": "esi_players.images", "pk": 23, "fields": {"default": "https://img.abiosgaming.com/flags/Norway.png", "thumbnail": "https://img.abiosgaming.com/flags/thumbnails/Norway.png"}}, {"model": "esi_players.images", "pk": 24, "fields": {"default": "https://img.abiosgaming.com/flags/Spain.png", "thumbnail": "https://img.abiosgaming.com/flags/thumbnails/Spain.png"}}, {"model": "esi_players.images", "pk": 25, "fields": {"default": "https://img.abiosgaming.com/flags/Bulgaria.png", "thumbnail": "https://img.abiosgaming.com/flags/thumbnails/Bulgaria.png"}}, {"model": "esi_players.images", "pk": 26, "fields": {"default": "https://img.abiosgaming.com/flags/Estonia.png", "thumbnail": "https://img.abiosgaming.com/flags/thumbnails/Estonia.png"}}, {"model": "esi_players.images", "pk": 27, "fields": {"default": "https://img.abiosgaming.com/other/New-Abios-Place-Holder.png", "thumbnail": "https://img.abiosgaming.com/other/thumbnails/New-Abios-Place-Holder.png"}}, {"model": "esi_players.images", "pk": 28, "fields": {"default": "https://img.abiosgaming.com/other/New-Abios-Place-Holder.png", "thumbnail": "https://img.abiosgaming.com/other/thumbnails/New-Abios-Place-Holder.png"}}, {"model": "esi_players.images", "pk": 29, "fields": {"default": "https://img.abiosgaming.com/other/New-Abios-Place-Holder.png", "thumbnail": "https://img.abiosgaming.com/other/thumbnails/New-Abios-Place-Holder.png"}}, {"model": "esi_players.images", "pk": 30, "fields": {"default": "https://img.abiosgaming.com/other/New-Abios-Place-Holder.png", "thumbnail": "https://img.abiosgaming.com/other/thumbnails/New-Abios-Place-Holder.png"}}, {"model": "esi_players.images", "pk": 31, "fields": {"default": "https://img.abiosgaming.com/other/New-Abios-Place-Holder.png", "thumbnail": "https://img.abiosgaming.com/other/thumbnails/New-Abios-Place-Holder.png"}}, {"model": "esi_players.images", "pk": 32, "fields": {"default": "https://img.abiosgaming.com/other/New-Abios-Place-Holder.png", "thumbnail": "https://img.abiosgaming.com/other/thumbnails/New-Abios-Place-Holder.png"}}, {"model": "esi_players.images", "pk": 33, "fields": {"default": "https://img.abiosgaming.com/other/New-Abios-Place-Holder.png", "thumbnail": "https://img.abiosgaming.com/other/thumbnails/New-Abios-Place-Holder.png"}}, {"model": "esi_players.images", "pk": 34, "fields": {"default": "https://img.abiosgaming.com/flags/European-Union.png", "thumbnail": "https://img.abiosgaming.com/flags/thumbnails/European-Union.png"}}, {"model": "esi_players.images", "pk": 35, "fields": {"default": "https://img.abiosgaming.com/flags/Portugal.png", "thumbnail": "https://img.abiosgaming.com/flags/thumbnails/Portugal.png"}}, {"model": "esi_players.images", "pk": 36, "fields": {"default": "https://img.abiosgaming.com/flags/United-Kingdom.png", "thumbnail": "https://img.abiosgaming.com/flags/thumbnails/United-Kingdom.png"}}, {"model": "esi_players.images", "pk": 37, "fields": {"default": "https://img.abiosgaming.com/competitors/Sprout-Logo.png", "thumbnail": "https://img.abiosgaming.com/competitors/Sprout-Logo.png"}}, {"model": "esi_players.images", "pk": 38, "fields": {"default": "https://img.abiosgaming.com/competitors/Wisla-Krakow-teamlogo.png", "thumbnail": "https://img.abiosgaming.com/competitors/Wisla-Krakow-teamlogo.png"}}, {"model": "esi_players.images", "pk": 39, "fields": {"default": "https://img.abiosgaming.com/competitors/PACT-Teamlogo.png", "thumbnail": "https://img.abiosgaming.com/competitors/PACT-Teamlogo.png"}}, {"model": "esi_players.images", "pk": 40, "fields": {"default": "https://img.abiosgaming.com/competitors/Nexus-Gaming-teamlogo.png", "thumbnail": "https://img.abiosgaming.com/competitors/Nexus-Gaming-teamlogo.png"}}, {"model": "esi_players.images", "pk": 41, "fields": {"default": "https://img.abiosgaming.com/competitors/hellraisers.png", "thumbnail": "https://img.abiosgaming.com/competitors/hellraisers.png"}}, {"model": "esi_players.images", "pk": 42, "fields": {"default": "https://img.abiosgaming.com/casters/team-spirit-new-logo-200-abios.png", "thumbnail": "https://img.abiosgaming.com/casters/team-spirit-new-logo-200-abios.png"}}, {"model": "esi_players.images", "pk": 43, "fields": {"default": "https://img.abiosgaming.com/competitors/Espada-Logo.png", "thumbnail": "https://img.abiosgaming.com/competitors/Espada-Logo.png"}}, {"model": "esi_players.images", "pk": 44, "fields": {"default": "https://img.abiosgaming.com/competitors/Teamliquid-new.png", "thumbnail": "https://img.abiosgaming.com/competitors/Teamliquid-new.png"}}, {"model": "esi_players.images", "pk": 45, "fields": {"default": "https://img.abiosgaming.com/competitors/evil-geniuses-2020-team-logo.png", "thumbnail": "https://img.abiosgaming.com/competitors/evil-geniuses-2020-team-logo.png"}}, {"model": "esi_players.images", "pk": 46, "fields": {"default": "https://img.abiosgaming.com/competitors/100Thieves-teamlogo.png", "thumbnail": "https://img.abiosgaming.com/competitors/100Thieves-teamlogo.png"}}, {"model": "esi_players.images", "pk": 47, "fields": {"default": "https://img.abiosgaming.com/competitors/FuriaEsports-Teamlogo.png.png", "thumbnail": "https://img.abiosgaming.com/competitors/FuriaEsports-Teamlogo.png.png"}}, {"model": "esi_players.images", "pk": 48, "fields": {"default": "https://img.abiosgaming.com/competitors/Boom-esporsv2-teamlogo.png", "thumbnail": "https://img.abiosgaming.com/competitors/Boom-esporsv2-teamlogo.png"}}, {"model": "esi_players.images", "pk": 49, "fields": {"default": "https://img.abiosgaming.com/competitors/mythic-teamlogo.png", "thumbnail": "https://img.abiosgaming.com/competitors/mythic-teamlogo.png"}}, {"model": "esi_players.images", "pk": 50, "fields": {"default": "https://img.abiosgaming.com/competitors/Renegades-2019.png", "thumbnail": "https://img.abiosgaming.com/competitors/Renegades-2019.png"}}, {"model": "esi_players.images", "pk": 51, "fields": {"default": "https://img.abiosgaming.com/competitors/Ground-zero-logo.png", "thumbnail": "https://img.abiosgaming.com/competitors/Ground-zero-logo.png"}}, {"model": "esi_players.images", "pk": 52, "fields": {"default": "https://img.abiosgaming.com/competitors/Order-LOL-Logo.png", "thumbnail": "https://img.abiosgaming.com/competitors/Order-LOL-Logo.png"}}, {"model": "esi_players.images", "pk": 53, "fields": {"default": "https://img.abiosgaming.com/competitors/Avant-Garde-logo-new.png", "thumbnail": "https://img.abiosgaming.com/competitors/Avant-Garde-logo-new.png"}}, {"model": "esi_players.images", "pk": 54, "fields": {"default": "https://img.abiosgaming.com/competitors/Chiefs-Esports-Club-2018-Logo.png", "thumbnail": "https://img.abiosgaming.com/competitors/Chiefs-Esports-Club-2018-Logo.png"}}, {"model": "esi_players.images", "pk": 55, "fields": {"default": "https://img.abiosgaming.com/competitors/Vici-gaming-2017.png", "thumbnail": "https://img.abiosgaming.com/competitors/Vici-gaming-2017.png"}}, {"model": "esi_players.images", "pk": 56, "fields": {"default": "https://img.abiosgaming.com/competitors/Tyloo-New1SEP16-Logo.png", "thumbnail": "https://img.abiosgaming.com/competitors/Tyloo-New1SEP16-Logo.png"}}, {"model": "esi_players.images", "pk": 57, "fields": {"default": "https://img.abiosgaming.com/competitors/Invictus-Gaming-iG-black.png", "thumbnail": "https://img.abiosgaming.com/competitors/Invictus-Gaming-iG-black.png"}}, {"model": "esi_players.images", "pk": 58, "fields": {"default": "https://img.abiosgaming.com/competitors/Isurus-Gaming.png", "thumbnail": "https://img.abiosgaming.com/competitors/Isurus-Gaming.png"}}, {"model": "esi_players.images", "pk": 59, "fields": {"default": "https://img.abiosgaming.com/competitors/Natus-Vincere-Navi-new-logo.png", "thumbnail": "https://img.abiosgaming.com/competitors/Natus-Vincere-Navi-new-logo.png"}}, {"model": "esi_players.images", "pk": 60, "fields": {"default": "https://img.abiosgaming.com/competitors/gambit-esports-team-logo.png", "thumbnail": "https://img.abiosgaming.com/competitors/gambit-esports-team-logo.png"}}, {"model": "esi_players.images", "pk": 61, "fields": {"default": "https://img.abiosgaming.com/other/New-Abios-Place-Holder.png", "thumbnail": "https://img.abiosgaming.com/other/New-Abios-Place-Holder.png"}}, {"model": "esi_players.images", "pk": 62, "fields": {"default": "https://img.abiosgaming.com/competitors/RiOT-teamlogo.png", "thumbnail": "https://img.abiosgaming.com/competitors/RiOT-teamlogo.png"}}, {"model": "esi_players.images", "pk": 63, "fields": {"default": "https://img.abiosgaming.com/competitors/teamYeaH.png", "thumbnail": "https://img.abiosgaming.com/competitors/teamYeaH.png"}}, {"model": "esi_players.images", "pk": 64, "fields": {"default": "https://img.abiosgaming.com/competitors/teamNewEnglandWhalers.png", "thumbnail": "https://img.abiosgaming.com/competitors/teamNewEnglandWhalers.png"}}, {"model": "esi_players.images", "pk": 65, "fields": {"default": "https://img.abiosgaming.com/competitors/Beyond-Esports-2020.png", "thumbnail": "https://img.abiosgaming.com/competitors/Beyond-Esports-2020.png"}}, {"model": "esi_players.images", "pk": 66, "fields": {"default": "https://img.abiosgaming.com/competitors/Sharks-Esports-Logo.png", "thumbnail": "https://img.abiosgaming.com/competitors/Sharks-Esports-Logo.png"}}, {"model": "esi_players.images", "pk": 67, "fields": {"default": "https://img.abiosgaming.com/competitors/Team-oNe-eSports-Logo.png", "thumbnail": "https://img.abiosgaming.com/competitors/Team-oNe-eSports-Logo.png"}}, {"model": "esi_players.images", "pk": 68, "fields": {"default": "https://img.abiosgaming.com/other/New-Abios-Place-Holder.png", "thumbnail": "https://img.abiosgaming.com/other/New-Abios-Place-Holder.png"}}, {"model": "esi_players.images", "pk": 69, "fields": {"default": "https://img.abiosgaming.com/other/New-Abios-Place-Holder.png", "thumbnail": "https://img.abiosgaming.com/other/New-Abios-Place-Holder.png"}}, {"model": "esi_players.images", "pk": 70, "fields": {"default": "https://img.abiosgaming.com/competitors/Paradox-gaming-logo.png", "thumbnail": "https://img.abiosgaming.com/competitors/Paradox-gaming-logo.png"}}, {"model": "esi_players.images", "pk": 71, "fields": {"default": "https://img.abiosgaming.com/other/New-Abios-Place-Holder.png", "thumbnail": "https://img.abiosgaming.com/other/New-Abios-Place-Holder.png"}}, {"model": "esi_players.images", "pk": 72, "fields": {"default": "https://img.abiosgaming.com/other/New-Abios-Place-Holder.png", "thumbnail": "https://img.abiosgaming.com/other/New-Abios-Place-Holder.png"}}, {"model": "esi_players.images", "pk": 73, "fields": {"default": "https://img.abiosgaming.com/competitors/Third-Impact-teamlogo.png", "thumbnail": "https://img.abiosgaming.com/competitors/Third-Impact-teamlogo.png"}}, {"model": "esi_players.images", "pk": 74, "fields": {"default": "https://img.abiosgaming.com/other/New-Abios-Place-Holder.png", "thumbnail": "https://img.abiosgaming.com/other/New-Abios-Place-Holder.png"}}, {"model": "esi_players.images", "pk": 75, "fields": {"default": "https://img.abiosgaming.com/competitors/teamHonoris-logo.png", "thumbnail": "https://img.abiosgaming.com/competitors/teamHonoris-logo.png"}}, {"model": "esi_players.images", "pk": 76, "fields": {"default": "https://img.abiosgaming.com/competitors/avez-teamlogo.png", "thumbnail": "https://img.abiosgaming.com/competitors/avez-teamlogo.png"}}, {"model": "esi_players.images", "pk": 77, "fields": {"default": "https://img.abiosgaming.com/casters/mousesports-mouz-newlogo.png", "thumbnail": "https://img.abiosgaming.com/casters/mousesports-mouz-newlogo.png"}}, {"model": "esi_players.images", "pk": 78, "fields": {"default": "https://img.abiosgaming.com/competitors/Astralis-Team-logo.png", "thumbnail": "https://img.abiosgaming.com/competitors/Astralis-Team-logo.png"}}, {"model": "esi_players.images", "pk": 79, "fields": {"default": "https://img.abiosgaming.com/competitors/fnatic-new-logo-2020.png", "thumbnail": "https://img.abiosgaming.com/competitors/fnatic-new-logo-2020.png"}}, {"model": "esi_players.images", "pk": 80, "fields": {"default": "https://img.abiosgaming.com/competitors/Ence-new2.png", "thumbnail": "https://img.abiosgaming.com/competitors/Ence-new2.png"}}, {"model": "esi_players.images", "pk": 81, "fields": {"default": "https://img.abiosgaming.com/competitors/OG-logo-clean.png", "thumbnail": "https://img.abiosgaming.com/competitors/OG-logo-clean.png"}}, {"model": "esi_players.images", "pk": 82, "fields": {"default": "https://img.abiosgaming.com/competitors/Heretics-KFC-logo.png", "thumbnail": "https://img.abiosgaming.com/competitors/Heretics-KFC-logo.png"}}, {"model": "esi_players.images", "pk": 83, "fields": {"default": "https://img.abiosgaming.com/competitors/Vitality-team-2018-true-logo.png", "thumbnail": "https://img.abiosgaming.com/competitors/Vitality-team-2018-true-logo.png"}}, {"model": "esi_players.images", "pk": 84, "fields": {"default": "https://img.abiosgaming.com/competitors/g2-team-logo-transparent.png", "thumbnail": "https://img.abiosgaming.com/competitors/g2-team-logo-transparent.png"}}, {"model": "esi_players.images", "pk": 85, "fields": {"default": "https://img.abiosgaming.com/competitors/godsentgg-gs.png", "thumbnail": "https://img.abiosgaming.com/competitors/godsentgg-gs.png"}}, {"model": "esi_players.images", "pk": 86, "fields": {"default": "https://img.abiosgaming.com/competitors/AGO-2020-logo.png", "thumbnail": "https://img.abiosgaming.com/competitors/AGO-2020-logo.png"}}, {"model": "esi_players.images", "pk": 87, "fields": {"default": "https://img.abiosgaming.com/competitors/Forze-teamlogoNEW.png", "thumbnail": "https://img.abiosgaming.com/competitors/Forze-teamlogoNEW.png"}}, {"model": "esi_players.images", "pk": 88, "fields": {"default": "https://img.abiosgaming.com/competitors/Winstrike-new-teamlogo.png", "thumbnail": "https://img.abiosgaming.com/competitors/Winstrike-new-teamlogo.png"}}, {"model": "esi_players.images", "pk": 89, "fields": {"default": "https://img.abiosgaming.com/competitors/team1WIN.png", "thumbnail": "https://img.abiosgaming.com/competitors/team1WIN.png"}}, {"model": "esi_players.images", "pk": 90, "fields": {"default": "https://img.abiosgaming.com/competitors/Nordavind-Logo.png", "thumbnail": "https://img.abiosgaming.com/competitors/Nordavind-Logo.png"}}, {"model": "esi_players.images", "pk": 91, "fields": {"default": "https://img.abiosgaming.com/competitors/sAw-teamlogo.png", "thumbnail": "https://img.abiosgaming.com/competitors/sAw-teamlogo.png"}}, {"model": "esi_players.images", "pk": 92, "fields": {"default": "https://img.abiosgaming.com/competitors/Endpoint-2020-logo.png", "thumbnail": "https://img.abiosgaming.com/competitors/Endpoint-2020-logo.png"}}, {"model": "esi_players.images", "pk": 93, "fields": {"default": "https://img.abiosgaming.com/competitors/Fate-esports-logo.png", "thumbnail": "https://img.abiosgaming.com/competitors/Fate-esports-logo.png"}}, {"model": "esi_players.images", "pk": 94, "fields": {"default": "https://img.abiosgaming.com/casters/snatchie-csgo-player-2019.png", "thumbnail": "https://img.abiosgaming.com/casters/thumbnails/snatchie-csgo-player-2019.png"}}, {"model": "esi_players.images", "pk": 95, "fields": {"default": "https://img.abiosgaming.com/other/New-Abios-Place-Holder.png", "thumbnail": "https://img.abiosgaming.com/other/thumbnails/New-Abios-Place-Holder.png"}}, {"model": "esi_players.images", "pk": 96, "fields": {"default": "https://img.abiosgaming.com/other/New-Abios-Place-Holder.png", "thumbnail": "https://img.abiosgaming.com/other/thumbnails/New-Abios-Place-Holder.png"}}, {"model": "esi_players.images", "pk": 97, "fields": {"default": "https://img.abiosgaming.com/other/New-Abios-Place-Holder.png", "thumbnail": "https://img.abiosgaming.com/other/thumbnails/New-Abios-Place-Holder.png"}}, {"model": "esi_players.images", "pk": 98, "fields": {"default": "https://img.abiosgaming.com/other/New-Abios-Place-Holder.png", "thumbnail": "https://img.abiosgaming.com/other/thumbnails/New-Abios-Place-Holder.png"}}, {"model": "esi_players.images", "pk": 99, "fields": {"default": "https://img.abiosgaming.com/other/New-Abios-Place-Holder.png", "thumbnail": "https://img.abiosgaming.com/other/thumbnails/New-Abios-Place-Holder.png"}}, {"model": "esi_players.images", "pk": 100, "fields": {"default": "https://img.abiosgaming.com/other/New-Abios-Place-Holder.png", "thumbnail": "https://img.abiosgaming.com/other/thumbnails/New-Abios-Place-Holder.png"}}, {"model": "esi_players.images", "pk": 101, "fields": {"default": "https://img.abiosgaming.com/other/New-Abios-Place-Holder.png", "thumbnail": "https://img.abiosgaming.com/other/thumbnails/New-Abios-Place-Holder.png"}}, {"model": "esi_players.images", "pk": 102, "fields": {"default": "https://img.abiosgaming.com/players/elige-player-picture.jpg", "thumbnail": "https://img.abiosgaming.com/players/thumbnails/elige-player-picture.jpg"}}, {"model": "esi_players.images", "pk": 103, "fields": {"default": "https://img.abiosgaming.com/players/naf-player-picture.jpg", "thumbnail": "https://img.abiosgaming.com/players/thumbnails/naf-player-picture.jpg"}}, {"model": "esi_players.images", "pk": 104, "fields": {"default": "https://img.abiosgaming.com/other/New-Abios-Place-Holder.png", "thumbnail": "https://img.abiosgaming.com/other/thumbnails/New-Abios-Place-Holder.png"}}, {"model": "esi_players.images", "pk": 105, "fields": {"default": "https://img.abiosgaming.com/competitors/jks-csgo-player-australia.png", "thumbnail": "https://img.abiosgaming.com/competitors/thumbnails/jks-csgo-player-australia.png"}}, {"model": "esi_players.images", "pk": 106, "fields": {"default": "https://img.abiosgaming.com/competitors/azr-csgo-player-australia.png", "thumbnail": "https://img.abiosgaming.com/competitors/thumbnails/azr-csgo-player-australia.png"}}, {"model": "esi_players.images", "pk": 107, "fields": {"default": "https://img.abiosgaming.com/players/hen1-profile-picture.png", "thumbnail": "https://img.abiosgaming.com/players/thumbnails/hen1-profile-picture.png"}}, {"model": "esi_players.images", "pk": 108, "fields": {"default": "https://img.abiosgaming.com/players/Joao-felps-Vasconcellos-SK.png", "thumbnail": "https://img.abiosgaming.com/players/thumbnails/Joao-felps-Vasconcellos-SK.png"}}, {"model": "esi_players.images", "pk": 109, "fields": {"default": "https://img.abiosgaming.com/players/Stewie2k-new-pic.png", "thumbnail": "https://img.abiosgaming.com/players/thumbnails/Stewie2k-new-pic.png"}}, {"model": "esi_players.images", "pk": 110, "fields": {"default": "https://img.abiosgaming.com/other/New-Abios-Place-Holder.png", "thumbnail": "https://img.abiosgaming.com/other/thumbnails/New-Abios-Place-Holder.png"}}, {"model": "esi_players.images", "pk": 111, "fields": {"default": "https://img.abiosgaming.com/other/New-Abios-Place-Holder.png", "thumbnail": "https://img.abiosgaming.com/other/thumbnails/New-Abios-Place-Holder.png"}}, {"model": "esi_players.images", "pk": 112, "fields": {"default": "https://img.abiosgaming.com/other/New-Abios-Place-Holder.png", "thumbnail": "https://img.abiosgaming.com/other/thumbnails/New-Abios-Place-Holder.png"}}, {"model": "esi_players.images", "pk": 113, "fields": {"default": "https://img.abiosgaming.com/other/New-Abios-Place-Holder.png", "thumbnail": "https://img.abiosgaming.com/other/thumbnails/New-Abios-Place-Holder.png"}}, {"model": "esi_players.images", "pk": 114, "fields": {"default": "https://img.abiosgaming.com/casters/rickeh-csgo-player-2019.png", "thumbnail": "https://img.abiosgaming.com/casters/thumbnails/rickeh-csgo-player-2019.png"}}, {"model": "esi_players.images", "pk": 115, "fields": {"default": "https://img.abiosgaming.com/other/New-Abios-Place-Holder.png", "thumbnail": "https://img.abiosgaming.com/other/thumbnails/New-Abios-Place-Holder.png"}}, {"model": "esi_players.images", "pk": 116, "fields": {"default": "https://img.abiosgaming.com/other/New-Abios-Place-Holder.png", "thumbnail": "https://img.abiosgaming.com/other/thumbnails/New-Abios-Place-Holder.png"}}, {"model": "esi_players.images", "pk": 117, "fields": {"default": "https://img.abiosgaming.com/other/New-Abios-Place-Holder.png", "thumbnail": "https://img.abiosgaming.com/other/thumbnails/New-Abios-Place-Holder.png"}}, {"model": "esi_players.images", "pk": 118, "fields": {"default": "https://img.abiosgaming.com/other/New-Abios-Place-Holder.png", "thumbnail": "https://img.abiosgaming.com/other/thumbnails/New-Abios-Place-Holder.png"}}, {"model": "esi_players.images", "pk": 119, "fields": {"default": "https://img.abiosgaming.com/other/New-Abios-Place-Holder.png", "thumbnail": "https://img.abiosgaming.com/other/thumbnails/New-Abios-Place-Holder.png"}}, {"model": "esi_players.images", "pk": 120, "fields": {"default": "https://img.abiosgaming.com/other/New-Abios-Place-Holder.png", "thumbnail": "https://img.abiosgaming.com/other/thumbnails/New-Abios-Place-Holder.png"}}, {"model": "esi_players.images", "pk": 121, "fields": {"default": "https://img.abiosgaming.com/other/New-Abios-Place-Holder.png", "thumbnail": "https://img.abiosgaming.com/other/thumbnails/New-Abios-Place-Holder.png"}}, {"model": "esi_players.images", "pk": 122, "fields": {"default": "https://img.abiosgaming.com/other/New-Abios-Place-Holder.png", "thumbnail": "https://img.abiosgaming.com/other/thumbnails/New-Abios-Place-Holder.png"}}, {"model": "esi_players.images", "pk": 123, "fields": {"default": "https://img.abiosgaming.com/other/New-Abios-Place-Holder.png", "thumbnail": "https://img.abiosgaming.com/other/thumbnails/New-Abios-Place-Holder.png"}}, {"model": "esi_players.images", "pk": 124, "fields": {"default": "https://img.abiosgaming.com/other/New-Abios-Place-Holder.png", "thumbnail": "https://img.abiosgaming.com/other/thumbnails/New-Abios-Place-Holder.png"}}, {"model": "esi_players.images", "pk": 125, "fields": {"default": "https://img.abiosgaming.com/players/electronic-new-pic.png", "thumbnail": "https://img.abiosgaming.com/players/thumbnails/electronic-new-pic.png"}}, {"model": "esi_players.images", "pk": 126, "fields": {"default": "https://img.abiosgaming.com/other/New-Abios-Place-Holder.png", "thumbnail": "https://img.abiosgaming.com/other/thumbnails/New-Abios-Place-Holder.png"}}, {"model": "esi_players.images", "pk": 127, "fields": {"default": "https://img.abiosgaming.com/players/hobbit-new-pic.png", "thumbnail": "https://img.abiosgaming.com/players/thumbnails/hobbit-new-pic.png"}}, {"model": "esi_players.images", "pk": 128, "fields": {"default": "https://img.abiosgaming.com/players/mou-new-pic.png", "thumbnail": "https://img.abiosgaming.com/players/thumbnails/mou-new-pic.png"}}, {"model": "esi_players.images", "pk": 129, "fields": {"default": "https://img.abiosgaming.com/other/New-Abios-Place-Holder.png", "thumbnail": "https://img.abiosgaming.com/other/thumbnails/New-Abios-Place-Holder.png"}}, {"model": "esi_players.images", "pk": 130, "fields": {"default": "https://img.abiosgaming.com/other/New-Abios-Place-Holder.png", "thumbnail": "https://img.abiosgaming.com/other/thumbnails/New-Abios-Place-Holder.png"}}, {"model": "esi_players.images", "pk": 131, "fields": {"default": "https://img.abiosgaming.com/competitors/liazz-csgo-player-australia.png", "thumbnail": "https://img.abiosgaming.com/competitors/thumbnails/liazz-csgo-player-australia.png"}}, {"model": "esi_players.images", "pk": 132, "fields": {"default": "https://img.abiosgaming.com/other/New-Abios-Place-Holder.png", "thumbnail": "https://img.abiosgaming.com/other/thumbnails/New-Abios-Place-Holder.png"}}, {"model": "esi_players.images", "pk": 133, "fields": {"default": "https://img.abiosgaming.com/competitors/gratisfaction-csgo-player-australia.png", "thumbnail": "https://img.abiosgaming.com/competitors/thumbnails/gratisfaction-csgo-player-australia.png"}}, {"model": "esi_players.images", "pk": 134, "fields": {"default": "https://img.abiosgaming.com/other/New-Abios-Place-Holder.png", "thumbnail": "https://img.abiosgaming.com/other/thumbnails/New-Abios-Place-Holder.png"}}, {"model": "esi_players.images", "pk": 135, "fields": {"default": "https://img.abiosgaming.com/other/New-Abios-Place-Holder.png", "thumbnail": "https://img.abiosgaming.com/other/thumbnails/New-Abios-Place-Holder.png"}}, {"model": "esi_players.images", "pk": 136, "fields": {"default": "https://img.abiosgaming.com/other/New-Abios-Place-Holder.png", "thumbnail": "https://img.abiosgaming.com/other/thumbnails/New-Abios-Place-Holder.png"}}, {"model": "esi_players.images", "pk": 137, "fields": {"default": "https://img.abiosgaming.com/other/New-Abios-Place-Holder.png", "thumbnail": "https://img.abiosgaming.com/other/thumbnails/New-Abios-Place-Holder.png"}}, {"model": "esi_players.images", "pk": 138, "fields": {"default": "https://img.abiosgaming.com/other/New-Abios-Place-Holder.png", "thumbnail": "https://img.abiosgaming.com/other/thumbnails/New-Abios-Place-Holder.png"}}, {"model": "esi_players.images", "pk": 139, "fields": {"default": "https://img.abiosgaming.com/other/New-Abios-Place-Holder.png", "thumbnail": "https://img.abiosgaming.com/other/thumbnails/New-Abios-Place-Holder.png"}}, {"model": "esi_players.images", "pk": 140, "fields": {"default": "https://img.abiosgaming.com/other/New-Abios-Place-Holder.png", "thumbnail": "https://img.abiosgaming.com/other/thumbnails/New-Abios-Place-Holder.png"}}, {"model": "esi_players.images", "pk": 141, "fields": {"default": "https://img.abiosgaming.com/other/New-Abios-Place-Holder.png", "thumbnail": "https://img.abiosgaming.com/other/thumbnails/New-Abios-Place-Holder.png"}}, {"model": "esi_players.images", "pk": 142, "fields": {"default": "https://img.abiosgaming.com/other/New-Abios-Place-Holder.png", "thumbnail": "https://img.abiosgaming.com/other/thumbnails/New-Abios-Place-Holder.png"}}, {"model": "esi_players.images", "pk": 143, "fields": {"default": "https://img.abiosgaming.com/other/New-Abios-Place-Holder.png", "thumbnail": "https://img.abiosgaming.com/other/thumbnails/New-Abios-Place-Holder.png"}}, {"model": "esi_players.images", "pk": 144, "fields": {"default": "https://img.abiosgaming.com/other/New-Abios-Place-Holder.png", "thumbnail": "https://img.abiosgaming.com/other/thumbnails/New-Abios-Place-Holder.png"}}, {"model": "esi_players.images", "pk": 145, "fields": {"default": "https://img.abiosgaming.com/other/New-Abios-Place-Holder.png", "thumbnail": "https://img.abiosgaming.com/other/thumbnails/New-Abios-Place-Holder.png"}}, {"model": "esi_players.images", "pk": 146, "fields": {"default": "https://img.abiosgaming.com/other/New-Abios-Place-Holder.png", "thumbnail": "https://img.abiosgaming.com/other/thumbnails/New-Abios-Place-Holder.png"}}, {"model": "esi_players.images", "pk": 147, "fields": {"default": "https://img.abiosgaming.com/other/New-Abios-Place-Holder.png", "thumbnail": "https://img.abiosgaming.com/other/thumbnails/New-Abios-Place-Holder.png"}}, {"model": "esi_players.images", "pk": 148, "fields": {"default": "https://img.abiosgaming.com/other/New-Abios-Place-Holder.png", "thumbnail": "https://img.abiosgaming.com/other/thumbnails/New-Abios-Place-Holder.png"}}, {"model": "esi_players.images", "pk": 149, "fields": {"default": "https://img.abiosgaming.com/other/New-Abios-Place-Holder.png", "thumbnail": "https://img.abiosgaming.com/other/thumbnails/New-Abios-Place-Holder.png"}}, {"model": "esi_players.images", "pk": 150, "fields": {"default": "https://img.abiosgaming.com/other/New-Abios-Place-Holder.png", "thumbnail": "https://img.abiosgaming.com/other/thumbnails/New-Abios-Place-Holder.png"}}, {"model": "esi_players.images", "pk": 151, "fields": {"default": "https://img.abiosgaming.com/other/New-Abios-Place-Holder.png", "thumbnail": "https://img.abiosgaming.com/other/thumbnails/New-Abios-Place-Holder.png"}}, {"model": "esi_players.images", "pk": 152, "fields": {"default": "https://img.abiosgaming.com/other/New-Abios-Place-Holder.png", "thumbnail": "https://img.abiosgaming.com/other/thumbnails/New-Abios-Place-Holder.png"}}, {"model": "esi_players.images", "pk": 153, "fields": {"default": "https://img.abiosgaming.com/other/New-Abios-Place-Holder.png", "thumbnail": "https://img.abiosgaming.com/other/thumbnails/New-Abios-Place-Holder.png"}}, {"model": "esi_players.images", "pk": 154, "fields": {"default": "https://img.abiosgaming.com/other/New-Abios-Place-Holder.png", "thumbnail": "https://img.abiosgaming.com/other/thumbnails/New-Abios-Place-Holder.png"}}, {"model": "esi_players.images", "pk": 155, "fields": {"default": "https://img.abiosgaming.com/other/New-Abios-Place-Holder.png", "thumbnail": "https://img.abiosgaming.com/other/thumbnails/New-Abios-Place-Holder.png"}}, {"model": "esi_players.images", "pk": 156, "fields": {"default": "https://img.abiosgaming.com/other/New-Abios-Place-Holder.png", "thumbnail": "https://img.abiosgaming.com/other/thumbnails/New-Abios-Place-Holder.png"}}, {"model": "esi_players.images", "pk": 157, "fields": {"default": "https://img.abiosgaming.com/other/New-Abios-Place-Holder.png", "thumbnail": "https://img.abiosgaming.com/other/thumbnails/New-Abios-Place-Holder.png"}}, {"model": "esi_players.images", "pk": 158, "fields": {"default": "https://img.abiosgaming.com/other/New-Abios-Place-Holder.png", "thumbnail": "https://img.abiosgaming.com/other/thumbnails/New-Abios-Place-Holder.png"}}, {"model": "esi_players.images", "pk": 159, "fields": {"default": "https://img.abiosgaming.com/other/New-Abios-Place-Holder.png", "thumbnail": "https://img.abiosgaming.com/other/thumbnails/New-Abios-Place-Holder.png"}}, {"model": "esi_players.images", "pk": 160, "fields": {"default": "https://img.abiosgaming.com/other/New-Abios-Place-Holder.png", "thumbnail": "https://img.abiosgaming.com/other/thumbnails/New-Abios-Place-Holder.png"}}, {"model": "esi_players.images", "pk": 161, "fields": {"default": "https://img.abiosgaming.com/other/New-Abios-Place-Holder.png", "thumbnail": "https://img.abiosgaming.com/other/thumbnails/New-Abios-Place-Holder.png"}}, {"model": "esi_players.images", "pk": 162, "fields": {"default": "https://img.abiosgaming.com/other/New-Abios-Place-Holder.png", "thumbnail": "https://img.abiosgaming.com/other/thumbnails/New-Abios-Place-Holder.png"}}, {"model": "esi_players.images", "pk": 163, "fields": {"default": "https://img.abiosgaming.com/other/New-Abios-Place-Holder.png", "thumbnail": "https://img.abiosgaming.com/other/thumbnails/New-Abios-Place-Holder.png"}}, {"model": "esi_players.images", "pk": 164, "fields": {"default": "https://img.abiosgaming.com/other/New-Abios-Place-Holder.png", "thumbnail": "https://img.abiosgaming.com/other/thumbnails/New-Abios-Place-Holder.png"}}, {"model": "esi_players.images", "pk": 165, "fields": {"default": "https://img.abiosgaming.com/other/New-Abios-Place-Holder.png", "thumbnail": "https://img.abiosgaming.com/other/thumbnails/New-Abios-Place-Holder.png"}}, {"model": "esi_players.images", "pk": 166, "fields": {"default": "https://img.abiosgaming.com/other/New-Abios-Place-Holder.png", "thumbnail": "https://img.abiosgaming.com/other/thumbnails/New-Abios-Place-Holder.png"}}, {"model": "esi_players.images", "pk": 167, "fields": {"default": "https://img.abiosgaming.com/other/New-Abios-Place-Holder.png", "thumbnail": "https://img.abiosgaming.com/other/thumbnails/New-Abios-Place-Holder.png"}}, {"model": "esi_players.images", "pk": 168, "fields": {"default": "https://img.abiosgaming.com/other/New-Abios-Place-Holder.png", "thumbnail": "https://img.abiosgaming.com/other/thumbnails/New-Abios-Place-Holder.png"}}, {"model": "esi_players.images", "pk": 169, "fields": {"default": "https://img.abiosgaming.com/other/New-Abios-Place-Holder.png", "thumbnail": "https://img.abiosgaming.com/other/thumbnails/New-Abios-Place-Holder.png"}}, {"model": "esi_players.images", "pk": 170, "fields": {"default": "https://img.abiosgaming.com/other/New-Abios-Place-Holder.png", "thumbnail": "https://img.abiosgaming.com/other/thumbnails/New-Abios-Place-Holder.png"}}, {"model": "esi_players.images", "pk": 171, "fields": {"default": "https://img.abiosgaming.com/other/New-Abios-Place-Holder.png", "thumbnail": "https://img.abiosgaming.com/other/thumbnails/New-Abios-Place-Holder.png"}}, {"model": "esi_players.images", "pk": 172, "fields": {"default": "https://img.abiosgaming.com/other/New-Abios-Place-Holder.png", "thumbnail": "https://img.abiosgaming.com/other/thumbnails/New-Abios-Place-Holder.png"}}, {"model": "esi_players.images", "pk": 173, "fields": {"default": "https://img.abiosgaming.com/other/New-Abios-Place-Holder.png", "thumbnail": "https://img.abiosgaming.com/other/thumbnails/New-Abios-Place-Holder.png"}}, {"model": "esi_players.images", "pk": 174, "fields": {"default": "https://img.abiosgaming.com/other/New-Abios-Place-Holder.png", "thumbnail": "https://img.abiosgaming.com/other/thumbnails/New-Abios-Place-Holder.png"}}, {"model": "esi_players.images", "pk": 175, "fields": {"default": "https://img.abiosgaming.com/other/New-Abios-Place-Holder.png", "thumbnail": "https://img.abiosgaming.com/other/thumbnails/New-Abios-Place-Holder.png"}}, {"model": "esi_players.images", "pk": 176, "fields": {"default": "https://img.abiosgaming.com/other/New-Abios-Place-Holder.png", "thumbnail": "https://img.abiosgaming.com/other/thumbnails/New-Abios-Place-Holder.png"}}, {"model": "esi_players.images", "pk": 177, "fields": {"default": "https://img.abiosgaming.com/other/New-Abios-Place-Holder.png", "thumbnail": "https://img.abiosgaming.com/other/thumbnails/New-Abios-Place-Holder.png"}}, {"model": "esi_players.images", "pk": 178, "fields": {"default": "https://img.abiosgaming.com/other/New-Abios-Place-Holder.png", "thumbnail": "https://img.abiosgaming.com/other/thumbnails/New-Abios-Place-Holder.png"}}, {"model": "esi_players.images", "pk": 179, "fields": {"default": "https://img.abiosgaming.com/other/New-Abios-Place-Holder.png", "thumbnail": "https://img.abiosgaming.com/other/thumbnails/New-Abios-Place-Holder.png"}}, {"model": "esi_players.images", "pk": 180, "fields": {"default": "https://img.abiosgaming.com/other/New-Abios-Place-Holder.png", "thumbnail": "https://img.abiosgaming.com/other/thumbnails/New-Abios-Place-Holder.png"}}, {"model": "esi_players.images", "pk": 181, "fields": {"default": "https://img.abiosgaming.com/other/New-Abios-Place-Holder.png", "thumbnail": "https://img.abiosgaming.com/other/thumbnails/New-Abios-Place-Holder.png"}}, {"model": "esi_players.images", "pk": 182, "fields": {"default": "https://img.abiosgaming.com/players/flamie-new-pic.png", "thumbnail": "https://img.abiosgaming.com/players/thumbnails/flamie-new-pic.png"}}, {"model": "esi_players.images", "pk": 183, "fields": {"default": "https://img.abiosgaming.com/players/NEO-new-pic.png", "thumbnail": "https://img.abiosgaming.com/players/thumbnails/NEO-new-pic.png"}}, {"model": "esi_players.images", "pk": 184, "fields": {"default": "https://img.abiosgaming.com/competitors/taz-player-pic-aristocracy.png", "thumbnail": "https://img.abiosgaming.com/competitors/thumbnails/taz-player-pic-aristocracy.png"}}, {"model": "esi_players.images", "pk": 185, "fields": {"default": "https://img.abiosgaming.com/other/New-Abios-Place-Holder.png", "thumbnail": "https://img.abiosgaming.com/other/thumbnails/New-Abios-Place-Holder.png"}}, {"model": "esi_players.images", "pk": 186, "fields": {"default": "https://img.abiosgaming.com/competitors/karrigan-csgo-player-mousesports.png", "thumbnail": "https://img.abiosgaming.com/competitors/thumbnails/karrigan-csgo-player-mousesports.png"}}, {"model": "esi_players.images", "pk": 187, "fields": {"default": "https://img.abiosgaming.com/players/dev1ce-new-pic.png", "thumbnail": "https://img.abiosgaming.com/players/thumbnails/dev1ce-new-pic.png"}}, {"model": "esi_players.images", "pk": 188, "fields": {"default": "https://img.abiosgaming.com/players/dupreeh-new-pic.png", "thumbnail": "https://img.abiosgaming.com/players/thumbnails/dupreeh-new-pic.png"}}, {"model": "esi_players.images", "pk": 189, "fields": {"default": "https://img.abiosgaming.com/players/flusha-new-pic.png", "thumbnail": "https://img.abiosgaming.com/players/thumbnails/flusha-new-pic.png"}}, {"model": "esi_players.images", "pk": 190, "fields": {"default": "https://img.abiosgaming.com/players/JW-new-pic.png", "thumbnail": "https://img.abiosgaming.com/players/thumbnails/JW-new-pic.png"}}, {"model": "esi_players.images", "pk": 191, "fields": {"default": "https://img.abiosgaming.com/players/Krimz-new-pic.png", "thumbnail": "https://img.abiosgaming.com/players/thumbnails/Krimz-new-pic.png"}}, {"model": "esi_players.images", "pk": 192, "fields": {"default": "https://img.abiosgaming.com/other/New-Abios-Place-Holder.png", "thumbnail": "https://img.abiosgaming.com/other/thumbnails/New-Abios-Place-Holder.png"}}, {"model": "esi_players.images", "pk": 193, "fields": {"default": "https://img.abiosgaming.com/players/NBK-player-picture.png", "thumbnail": "https://img.abiosgaming.com/players/thumbnails/NBK-player-picture.png"}}, {"model": "esi_players.images", "pk": 194, "fields": {"default": "https://img.abiosgaming.com/other/New-Abios-Place-Holder.png", "thumbnail": "https://img.abiosgaming.com/other/thumbnails/New-Abios-Place-Holder.png"}}, {"model": "esi_players.images", "pk": 195, "fields": {"default": "https://img.abiosgaming.com/players/apEX-new-pic.png", "thumbnail": "https://img.abiosgaming.com/players/thumbnails/apEX-new-pic.png"}}, {"model": "esi_players.images", "pk": 196, "fields": {"default": "https://img.abiosgaming.com/players/KennyS-new-pic.png", "thumbnail": "https://img.abiosgaming.com/players/thumbnails/KennyS-new-pic.png"}}, {"model": "esi_players.images", "pk": 197, "fields": {"default": "https://img.abiosgaming.com/players/shox-player-picture.png", "thumbnail": "https://img.abiosgaming.com/players/thumbnails/shox-player-picture.png"}}, {"model": "esi_players.images", "pk": 198, "fields": {"default": "https://img.abiosgaming.com/players/rpk-player-picture.png", "thumbnail": "https://img.abiosgaming.com/players/thumbnails/rpk-player-picture.png"}}, {"model": "esi_players.images", "pk": 199, "fields": {"default": "https://img.abiosgaming.com/players/STYKO-new-pic.png", "thumbnail": "https://img.abiosgaming.com/players/thumbnails/STYKO-new-pic.png"}}, {"model": "esi_players.images", "pk": 200, "fields": {"default": "https://img.abiosgaming.com/players/s1mple-new-pic.png", "thumbnail": "https://img.abiosgaming.com/players/thumbnails/s1mple-new-pic.png"}}, {"model": "esi_players.images", "pk": 201, "fields": {"default": "https://img.abiosgaming.com/other/New-Abios-Place-Holder.png", "thumbnail": "https://img.abiosgaming.com/other/thumbnails/New-Abios-Place-Holder.png"}}, {"model": "esi_players.images", "pk": 202, "fields": {"default": "https://img.abiosgaming.com/other/New-Abios-Place-Holder.png", "thumbnail": "https://img.abiosgaming.com/other/thumbnails/New-Abios-Place-Holder.png"}}, {"model": "esi_players.images", "pk": 203, "fields": {"default": "https://img.abiosgaming.com/other/New-Abios-Place-Holder.png", "thumbnail": "https://img.abiosgaming.com/other/thumbnails/New-Abios-Place-Holder.png"}}, {"model": "esi_players.images", "pk": 204, "fields": {"default": "https://img.abiosgaming.com/players/facecrack-profile-picture.png", "thumbnail": "https://img.abiosgaming.com/players/thumbnails/facecrack-profile-picture.png"}}, {"model": "esi_players.images", "pk": 205, "fields": {"default": "https://img.abiosgaming.com/other/New-Abios-Place-Holder.png", "thumbnail": "https://img.abiosgaming.com/other/thumbnails/New-Abios-Place-Holder.png"}}, {"model": "esi_players.images", "pk": 206, "fields": {"default": "https://img.abiosgaming.com/other/New-Abios-Place-Holder.png", "thumbnail": "https://img.abiosgaming.com/other/thumbnails/New-Abios-Place-Holder.png"}}, {"model": "esi_players.images", "pk": 207, "fields": {"default": "https://img.abiosgaming.com/other/New-Abios-Place-Holder.png", "thumbnail": "https://img.abiosgaming.com/other/thumbnails/New-Abios-Place-Holder.png"}}, {"model": "esi_players.images", "pk": 208, "fields": {"default": "https://img.abiosgaming.com/casters/denis-csgo-player-2019.png", "thumbnail": "https://img.abiosgaming.com/casters/thumbnails/denis-csgo-player-2019.png"}}, {"model": "esi_players.images", "pk": 209, "fields": {"default": "https://img.abiosgaming.com/casters/spiidi-csgo-player-2019.png", "thumbnail": "https://img.abiosgaming.com/casters/thumbnails/spiidi-csgo-player-2019.png"}}, {"model": "esi_players.images", "pk": 210, "fields": {"default": "https://img.abiosgaming.com/competitors/jkaem-csgo-player-norway.png", "thumbnail": "https://img.abiosgaming.com/competitors/thumbnails/jkaem-csgo-player-norway.png"}}, {"model": "esi_players.images", "pk": 211, "fields": {"default": "https://img.abiosgaming.com/other/New-Abios-Place-Holder.png", "thumbnail": "https://img.abiosgaming.com/other/thumbnails/New-Abios-Place-Holder.png"}}, {"model": "esi_players.images", "pk": 212, "fields": {"default": "https://img.abiosgaming.com/players/tarik-new-pic.png", "thumbnail": "https://img.abiosgaming.com/players/thumbnails/tarik-new-pic.png"}}, {"model": "esi_players.images", "pk": 213, "fields": {"default": "https://img.abiosgaming.com/other/New-Abios-Place-Holder.png", "thumbnail": "https://img.abiosgaming.com/other/thumbnails/New-Abios-Place-Holder.png"}}, {"model": "esi_players.images", "pk": 214, "fields": {"default": "https://img.abiosgaming.com/other/New-Abios-Place-Holder.png", "thumbnail": "https://img.abiosgaming.com/other/thumbnails/New-Abios-Place-Holder.png"}}, {"model": "esi_players.images", "pk": 215, "fields": {"default": "https://img.abiosgaming.com/other/New-Abios-Place-Holder.png", "thumbnail": "https://img.abiosgaming.com/other/thumbnails/New-Abios-Place-Holder.png"}}, {"model": "esi_players.country", "pk": 1, "fields": {"country_id": 203, "name": "Poland", "short_name": "PL", "images": 1, "region": 1}}, {"model": "esi_players.country", "pk": 2, "fields": {"country_id": 209, "name": "Romania", "short_name": "RO", "images": 2, "region": 1}}, {"model": "esi_players.country", "pk": 3, "fields": {"country_id": 261, "name": "Ukraine", "short_name": "UA", "images": 3, "region": 1}}, {"model": "esi_players.country", "pk": 4, "fields": {"country_id": 210, "name": "Russia", "short_name": "RU", "images": 4, "region": 1}}, {"model": "esi_players.country", "pk": 5, "fields": {"country_id": 265, "name": "United States", "short_name": "US", "images": 5, "region": 2}}, {"model": "esi_players.country", "pk": 6, "fields": {"country_id": 59, "name": "Canada", "short_name": "CA", "images": 6, "region": 2}}, {"model": "esi_players.country", "pk": 7, "fields": {"country_id": 33, "name": "Australia", "short_name": "AU", "images": 7, "region": 3}}, {"model": "esi_players.country", "pk": 8, "fields": {"country_id": 50, "name": "Brazil", "short_name": "BR", "images": 8, "region": 4}}, {"model": "esi_players.country", "pk": 9, "fields": {"country_id": 182, "name": "New Zealand", "short_name": "NZ", "images": 9, "region": 3}}, {"model": "esi_players.country", "pk": 10, "fields": {"country_id": 66, "name": "China", "short_name": "CN", "images": 10, "region": 5}}, {"model": "esi_players.country", "pk": 11, "fields": {"country_id": 148, "name": "Lithuania", "short_name": "LT", "images": 11, "region": 1}}, {"model": "esi_players.country", "pk": 12, "fields": {"country_id": 135, "name": "Kazakhstan", "short_name": "KZ", "images": 12, "region": 6}}, {"model": "esi_players.country", "pk": 13, "fields": {"country_id": 124, "name": "Indonesia", "short_name": "ID", "images": 13, "region": 7}}, {"model": "esi_players.country", "pk": 14, "fields": {"country_id": 154, "name": "Malaysia", "short_name": "MY", "images": 14, "region": 7}}, {"model": "esi_players.country", "pk": 15, "fields": {"country_id": 249, "name": "Thailand", "short_name": "TH", "images": 15, "region": 7}}, {"model": "esi_players.country", "pk": 16, "fields": {"country_id": 30, "name": "Argentina", "short_name": "AR", "images": 16, "region": 4}}, {"model": "esi_players.country", "pk": 17, "fields": {"country_id": 81, "name": "Denmark", "short_name": "DK", "images": 17, "region": 1}}, {"model": "esi_players.country", "pk": 18, "fields": {"country_id": 243, "name": "Sweden", "short_name": "SE", "images": 18, "region": 1}}, {"model": "esi_players.country", "pk": 19, "fields": {"country_id": 98, "name": "Finland", "short_name": "FI", "images": 19, "region": 1}}, {"model": "esi_players.country", "pk": 20, "fields": {"country_id": 99, "name": "France", "short_name": "FR", "images": 20, "region": 1}}, {"model": "esi_players.country", "pk": 21, "fields": {"country_id": 228, "name": "Slovakia", "short_name": "SK", "images": 21, "region": 1}}, {"model": "esi_players.country", "pk": 22, "fields": {"country_id": 105, "name": "Germany", "short_name": "DE", "images": 22, "region": 1}}, {"model": "esi_players.country", "pk": 23, "fields": {"country_id": 191, "name": "Norway", "short_name": "NO", "images": 23, "region": 1}}, {"model": "esi_players.country", "pk": 24, "fields": {"country_id": 238, "name": "Spain", "short_name": "ES", "images": 24, "region": 1}}, {"model": "esi_players.country", "pk": 25, "fields": {"country_id": 54, "name": "Bulgaria", "short_name": "BG", "images": 25, "region": 1}}, {"model": "esi_players.country", "pk": 26, "fields": {"country_id": 92, "name": "Estonia", "short_name": "EE", "images": 26, "region": 1}}, {"model": "esi_players.country", "pk": 27, "fields": {"country_id": 94, "name": "European Union", "short_name": "EU", "images": 34, "region": 1}}, {"model": "esi_players.country", "pk": 28, "fields": {"country_id": 204, "name": "Portugal", "short_name": "PT", "images": 35, "region": 1}}, {"model": "esi_players.country", "pk": 29, "fields": {"country_id": 263, "name": "United Kingdom", "short_name": "GB", "images": 36, "region": 1}}, {"model": "esi_players.region", "pk": 1, "fields": {"region_id": 1, "name": "Europe", "short_name": "EU"}}, {"model": "esi_players.region", "pk": 2, "fields": {"region_id": 2, "name": "North America", "short_name": "NA"}}, {"model": "esi_players.region", "pk": 3, "fields": {"region_id": 10, "name": "Oceania", "short_name": "OCE"}}, {"model": "esi_players.region", "pk": 4, "fields": {"region_id": 4, "name": "South America", "short_name": "SA"}}, {"model": "esi_players.region", "pk": 5, "fields": {"region_id": 8, "name": "East Asia", "short_name": "EA"}}, {"model": "esi_players.region", "pk": 6, "fields": {"region_id": 7, "name": "Western Asia", "short_name": "WA"}}, {"model": "esi_players.region", "pk": 7, "fields": {"region_id": 9, "name": "South East Asia", "short_name": "SEA"}}, {"model": "esi_players.team", "pk": 1, "fields": {"team_id": 38158, "name": "Sprout ", "short_name": "Sprout ", "images": 37, "country": 22}}, {"model": "esi_players.team", "pk": 2, "fields": {"team_id": 58209, "name": "Wisla Krakow", "short_name": "WK", "images": 38, "country": 1}}, {"model": "esi_players.team", "pk": 3, "fields": {"team_id": 29318, "name": "PACT", "short_name": "PACT", "images": 39, "country": 1}}, {"model": "esi_players.team", "pk": 4, "fields": {"team_id": 24089, "name": "Nexus Gaming", "short_name": "Nexus", "images": 40, "country": 2}}, {"model": "esi_players.team", "pk": 5, "fields": {"team_id": 873, "name": "Hellraisers", "short_name": "HR", "images": 41, "country": 3}}, {"model": "esi_players.team", "pk": 6, "fields": {"team_id": 18708, "name": "Team Spirit", "short_name": "Spirit", "images": 42, "country": 4}}, {"model": "esi_players.team", "pk": 7, "fields": {"team_id": 54371, "name": "Espada", "short_name": "Esp", "images": 43, "country": 4}}, {"model": "esi_players.team", "pk": 8, "fields": {"team_id": 2484, "name": "Team Liquid", "short_name": "Liquid", "images": 44, "country": 5}}, {"model": "esi_players.team", "pk": 9, "fields": {"team_id": 57593, "name": "Evil Geniuses", "short_name": "EG", "images": 45, "country": 5}}, {"model": "esi_players.team", "pk": 10, "fields": {"team_id": 38205, "name": "100 Thieves", "short_name": "100T", "images": 46, "country": 5}}, {"model": "esi_players.team", "pk": 11, "fields": {"team_id": 35132, "name": "FURIA eSports", "short_name": "FURIA", "images": 47, "country": 8}}, {"model": "esi_players.team", "pk": 12, "fields": {"team_id": 12828, "name": "BOOM eSports", "short_name": "BOOM", "images": 48, "country": 8}}, {"model": "esi_players.team", "pk": 13, "fields": {"team_id": 2039, "name": "Mythic", "short_name": "Mythic", "images": 49, "country": 5}}, {"model": "esi_players.team", "pk": 14, "fields": {"team_id": 928, "name": "Renegades", "short_name": "RNG", "images": 50, "country": 7}}, {"model": "esi_players.team", "pk": 15, "fields": {"team_id": 37237, "name": "Ground Zero.AU", "short_name": "GZ.AU", "images": 51, "country": 7}}, {"model": "esi_players.team", "pk": 16, "fields": {"team_id": 38812, "name": "ORDER", "short_name": "ORD", "images": 52, "country": 7}}, {"model": "esi_players.team", "pk": 17, "fields": {"team_id": 1941, "name": "Avant Gaming", "short_name": "AvG", "images": 53, "country": 7}}, {"model": "esi_players.team", "pk": 18, "fields": {"team_id": 2765, "name": "Chiefs eSports Club", "short_name": "Chiefs", "images": 54, "country": 7}}, {"model": "esi_players.team", "pk": 19, "fields": {"team_id": 27504, "name": "ViCi Gaming", "short_name": "VG", "images": 55, "country": 10}}, {"model": "esi_players.team", "pk": 20, "fields": {"team_id": 924, "name": "TyLoo", "short_name": "TyLoo", "images": 56, "country": 10}}, {"model": "esi_players.team", "pk": 21, "fields": {"team_id": 31640, "name": "Invictus Gaming", "short_name": "iG", "images": 57, "country": 10}}, {"model": "esi_players.team", "pk": 22, "fields": {"team_id": 27758, "name": "Isurus Gaming", "short_name": "ISG", "images": 58, "country": 16}}, {"model": "esi_players.team", "pk": 23, "fields": {"team_id": 904, "name": "Natus Vincere", "short_name": "Na'Vi", "images": 59, "country": 3}}, {"model": "esi_players.team", "pk": 24, "fields": {"team_id": 52994, "name": "Gambit Youngsters", "short_name": "Gambit.Y", "images": 60, "country": 4}}, {"model": "esi_players.team", "pk": 25, "fields": {"team_id": 22957, "name": "K23", "short_name": "K23", "images": 61, "country": 12}}, {"model": "esi_players.team", "pk": 26, "fields": {"team_id": 31628, "name": "R!OT Gaming", "short_name": "R!OT", "images": 62, "country": 7}}, {"model": "esi_players.team", "pk": 27, "fields": {"team_id": 40228, "name": "YeaH Gaming", "short_name": "YeaH", "images": 63, "country": 8}}, {"model": "esi_players.team", "pk": 28, "fields": {"team_id": 53820, "name": "New England Whalers", "short_name": "NEW", "images": 64, "country": 5}}, {"model": "esi_players.team", "pk": 29, "fields": {"team_id": 35642, "name": "Beyond Esports", "short_name": "Beyond", "images": 65, "country": 15}}, {"model": "esi_players.team", "pk": 30, "fields": {"team_id": 35111, "name": "Sharks Esports", "short_name": "Sharks", "images": 66, "country": 8}}, {"model": "esi_players.team", "pk": 31, "fields": {"team_id": 15041, "name": "Team One", "short_name": "T1", "images": 67, "country": 8}}, {"model": "esi_players.team", "pk": 32, "fields": {"team_id": 57247, "name": "Rugratz", "short_name": "Rugratz", "images": 68, "country": 5}}, {"model": "esi_players.team", "pk": 33, "fields": {"team_id": 34794, "name": "Nitrious", "short_name": "Nitrious", "images": 69, "country": 5}}, {"model": "esi_players.team", "pk": 34, "fields": {"team_id": 31919, "name": "Paradox Gaming", "short_name": "Paradox", "images": 70, "country": 7}}, {"model": "esi_players.team", "pk": 35, "fields": {"team_id": 68445, "name": "Lese", "short_name": "Lese", "images": 71, "country": 7}}, {"model": "esi_players.team", "pk": 36, "fields": {"team_id": 62540, "name": "Keep the Comms Up", "short_name": "KtCUp", "images": 72, "country": 5}}, {"model": "esi_players.team", "pk": 37, "fields": {"team_id": 65212, "name": "Third Impact", "short_name": "3Impact", "images": 73, "country": 5}}, {"model": "esi_players.team", "pk": 38, "fields": {"team_id": 67020, "name": "Havan Liberty", "short_name": "HL", "images": 74, "country": 8}}, {"model": "esi_players.team", "pk": 39, "fields": {"team_id": 63194, "name": "HONORIS", "short_name": "HONORIS", "images": 75, "country": 1}}, {"model": "esi_players.team", "pk": 40, "fields": {"team_id": 50397, "name": "AVEZ Esport", "short_name": "AVEZ", "images": 76, "country": 1}}, {"model": "esi_players.team", "pk": 41, "fields": {"team_id": 863, "name": "mousesports", "short_name": "mouz", "images": 77, "country": 27}}, {"model": "esi_players.team", "pk": 42, "fields": {"team_id": 9745, "name": "Astralis", "short_name": "Ast", "images": 78, "country": 17}}, {"model": "esi_players.team", "pk": 43, "fields": {"team_id": 871, "name": "Fnatic", "short_name": "FNC", "images": 79, "country": 18}}, {"model": "esi_players.team", "pk": 44, "fields": {"team_id": 938, "name": "ENCE eSports", "short_name": "ENCE", "images": 80, "country": 19}}, {"model": "esi_players.team", "pk": 45, "fields": {"team_id": 59399, "name": "OG", "short_name": "OG", "images": 81, "country": 27}}, {"model": "esi_players.team", "pk": 46, "fields": {"team_id": 37874, "name": "Team Heretics", "short_name": "Heretics", "images": 82, "country": 20}}, {"model": "esi_players.team", "pk": 47, "fields": {"team_id": 47338, "name": "Team Vitality", "short_name": "VIT", "images": 83, "country": 20}}, {"model": "esi_players.team", "pk": 48, "fields": {"team_id": 3280, "name": "G2 Esports", "short_name": "G2", "images": 84, "country": 20}}, {"model": "esi_players.team", "pk": 49, "fields": {"team_id": 16181, "name": "GODSENT", "short_name": "GODSENT", "images": 85, "country": 18}}, {"model": "esi_players.team", "pk": 50, "fields": {"team_id": 33030, "name": "AGO Esports", "short_name": "AGO", "images": 86, "country": 1}}, {"model": "esi_players.team", "pk": 51, "fields": {"team_id": 33786, "name": "forZe", "short_name": "fZe", "images": 87, "country": 4}}, {"model": "esi_players.team", "pk": 52, "fields": {"team_id": 42771, "name": "Winstrike Team", "short_name": "Winstrike", "images": 88, "country": 4}}, {"model": "esi_players.team", "pk": 53, "fields": {"team_id": 60551, "name": "1WIN", "short_name": "1WIN", "images": 89, "country": 4}}, {"model": "esi_players.team", "pk": 54, "fields": {"team_id": 39525, "name": "Nordavind", "short_name": "Nord", "images": 90, "country": 23}}, {"model": "esi_players.team", "pk": 55, "fields": {"team_id": 59885, "name": "sAw", "short_name": "sAw", "images": 91, "country": 28}}, {"model": "esi_players.team", "pk": 56, "fields": {"team_id": 21694, "name": "Endpoint", "short_name": "EdP", "images": 92, "country": 29}}, {"model": "esi_players.team", "pk": 57, "fields": {"team_id": 51296, "name": "FATE eSports", "short_name": "FATE.eu", "images": 93, "country": 25}}, {"model": "esi_players.playerteam", "pk": 1, "fields": {"player": 1, "team": 1}}, {"model": "esi_players.playerteam", "pk": 2, "fields": {"player": 2, "team": 2}}, {"model": "esi_players.playerteam", "pk": 3, "fields": {"player": 3, "team": 3}}, {"model": "esi_players.playerteam", "pk": 4, "fields": {"player": 4, "team": 4}}, {"model": "esi_players.playerteam", "pk": 5, "fields": {"player": 5, "team": 5}}, {"model": "esi_players.playerteam", "pk": 6, "fields": {"player": 6, "team": 6}}, {"model": "esi_players.playerteam", "pk": 7, "fields": {"player": 7, "team": 7}}, {"model": "esi_players.playerteam", "pk": 8, "fields": {"player": 8, "team": 7}}, {"model": "esi_players.playerteam", "pk": 9, "fields": {"player": 9, "team": 8}}, {"model": "esi_players.playerteam", "pk": 10, "fields": {"player": 10, "team": 8}}, {"model": "esi_players.playerteam", "pk": 11, "fields": {"player": 11, "team": 9}}, {"model": "esi_players.playerteam", "pk": 12, "fields": {"player": 12, "team": 10}}, {"model": "esi_players.playerteam", "pk": 13, "fields": {"player": 13, "team": 10}}, {"model": "esi_players.playerteam", "pk": 14, "fields": {"player": 14, "team": 11}}, {"model": "esi_players.playerteam", "pk": 15, "fields": {"player": 15, "team": 12}}, {"model": "esi_players.playerteam", "pk": 16, "fields": {"player": 16, "team": 8}}, {"model": "esi_players.playerteam", "pk": 17, "fields": {"player": 17, "team": 13}}, {"model": "esi_players.playerteam", "pk": 18, "fields": {"player": 18, "team": 13}}, {"model": "esi_players.playerteam", "pk": 19, "fields": {"player": 19, "team": 14}}, {"model": "esi_players.playerteam", "pk": 20, "fields": {"player": 20, "team": 15}}, {"model": "esi_players.playerteam", "pk": 21, "fields": {"player": 21, "team": 16}}, {"model": "esi_players.playerteam", "pk": 22, "fields": {"player": 22, "team": 16}}, {"model": "esi_players.playerteam", "pk": 23, "fields": {"player": 23, "team": 17}}, {"model": "esi_players.playerteam", "pk": 24, "fields": {"player": 24, "team": 18}}, {"model": "esi_players.playerteam", "pk": 25, "fields": {"player": 25, "team": 19}}, {"model": "esi_players.playerteam", "pk": 26, "fields": {"player": 26, "team": 20}}, {"model": "esi_players.playerteam", "pk": 27, "fields": {"player": 27, "team": 20}}, {"model": "esi_players.playerteam", "pk": 28, "fields": {"player": 28, "team": 21}}, {"model": "esi_players.playerteam", "pk": 29, "fields": {"player": 29, "team": 19}}, {"model": "esi_players.playerteam", "pk": 30, "fields": {"player": 30, "team": 20}}, {"model": "esi_players.playerteam", "pk": 31, "fields": {"player": 31, "team": 22}}, {"model": "esi_players.playerteam", "pk": 32, "fields": {"player": 32, "team": 23}}, {"model": "esi_players.playerteam", "pk": 33, "fields": {"player": 33, "team": 5}}, {"model": "esi_players.playerteam", "pk": 34, "fields": {"player": 34, "team": 24}}, {"model": "esi_players.playerteam", "pk": 35, "fields": {"player": 35, "team": 25}}, {"model": "esi_players.playerteam", "pk": 36, "fields": {"player": 36, "team": 12}}, {"model": "esi_players.playerteam", "pk": 37, "fields": {"player": 37, "team": 14}}, {"model": "esi_players.playerteam", "pk": 38, "fields": {"player": 38, "team": 10}}, {"model": "esi_players.playerteam", "pk": 39, "fields": {"player": 39, "team": 16}}, {"model": "esi_players.playerteam", "pk": 40, "fields": {"player": 40, "team": 10}}, {"model": "esi_players.playerteam", "pk": 41, "fields": {"player": 41, "team": 14}}, {"model": "esi_players.playerteam", "pk": 42, "fields": {"player": 42, "team": 14}}, {"model": "esi_players.playerteam", "pk": 43, "fields": {"player": 43, "team": 26}}, {"model": "esi_players.playerteam", "pk": 44, "fields": {"player": 44, "team": 9}}, {"model": "esi_players.playerteam", "pk": 45, "fields": {"player": 45, "team": 27}}, {"model": "esi_players.playerteam", "pk": 46, "fields": {"player": 46, "team": 6}}, {"model": "esi_players.playerteam", "pk": 47, "fields": {"player": 47, "team": 19}}, {"model": "esi_players.playerteam", "pk": 48, "fields": {"player": 48, "team": 14}}, {"model": "esi_players.playerteam", "pk": 49, "fields": {"player": 49, "team": 12}}, {"model": "esi_players.playerteam", "pk": 50, "fields": {"player": 50, "team": 28}}, {"model": "esi_players.playerteam", "pk": 51, "fields": {"player": 51, "team": 19}}, {"model": "esi_players.playerteam", "pk": 52, "fields": {"player": 52, "team": 29}}, {"model": "esi_players.playerteam", "pk": 53, "fields": {"player": 53, "team": 29}}, {"model": "esi_players.playerteam", "pk": 54, "fields": {"player": 54, "team": 29}}, {"model": "esi_players.playerteam", "pk": 55, "fields": {"player": 55, "team": 30}}, {"model": "esi_players.playerteam", "pk": 56, "fields": {"player": 56, "team": 30}}, {"model": "esi_players.playerteam", "pk": 57, "fields": {"player": 57, "team": 31}}, {"model": "esi_players.playerteam", "pk": 58, "fields": {"player": 58, "team": 26}}, {"model": "esi_players.playerteam", "pk": 59, "fields": {"player": 59, "team": 22}}, {"model": "esi_players.playerteam", "pk": 60, "fields": {"player": 60, "team": 13}}, {"model": "esi_players.playerteam", "pk": 61, "fields": {"player": 61, "team": 32}}, {"model": "esi_players.playerteam", "pk": 62, "fields": {"player": 62, "team": 33}}, {"model": "esi_players.playerteam", "pk": 63, "fields": {"player": 63, "team": 28}}, {"model": "esi_players.playerteam", "pk": 64, "fields": {"player": 64, "team": 34}}, {"model": "esi_players.playerteam", "pk": 65, "fields": {"player": 65, "team": 17}}, {"model": "esi_players.playerteam", "pk": 66, "fields": {"player": 66, "team": 17}}, {"model": "esi_players.playerteam", "pk": 67, "fields": {"player": 67, "team": 35}}, {"model": "esi_players.playerteam", "pk": 68, "fields": {"player": 68, "team": 26}}, {"model": "esi_players.playerteam", "pk": 69, "fields": {"player": 69, "team": 21}}, {"model": "esi_players.playerteam", "pk": 70, "fields": {"player": 70, "team": 13}}, {"model": "esi_players.playerteam", "pk": 71, "fields": {"player": 71, "team": 36}}, {"model": "esi_players.playerteam", "pk": 72, "fields": {"player": 72, "team": 15}}, {"model": "esi_players.playerteam", "pk": 73, "fields": {"player": 73, "team": 29}}, {"model": "esi_players.playerteam", "pk": 74, "fields": {"player": 74, "team": 29}}, {"model": "esi_players.playerteam", "pk": 75, "fields": {"player": 75, "team": 12}}, {"model": "esi_players.playerteam", "pk": 76, "fields": {"player": 76, "team": 22}}, {"model": "esi_players.playerteam", "pk": 77, "fields": {"player": 77, "team": 21}}, {"model": "esi_players.playerteam", "pk": 78, "fields": {"player": 78, "team": 30}}, {"model": "esi_players.playerteam", "pk": 79, "fields": {"player": 79, "team": 36}}, {"model": "esi_players.playerteam", "pk": 80, "fields": {"player": 80, "team": 37}}, {"model": "esi_players.playerteam", "pk": 81, "fields": {"player": 81, "team": 17}}, {"model": "esi_players.playerteam", "pk": 82, "fields": {"player": 82, "team": 18}}, {"model": "esi_players.playerteam", "pk": 83, "fields": {"player": 83, "team": 16}}, {"model": "esi_players.playerteam", "pk": 84, "fields": {"player": 84, "team": 38}}, {"model": "esi_players.playerteam", "pk": 85, "fields": {"player": 85, "team": 31}}, {"model": "esi_players.playerteam", "pk": 86, "fields": {"player": 86, "team": 22}}, {"model": "esi_players.playerteam", "pk": 87, "fields": {"player": 87, "team": 38}}, {"model": "esi_players.playerteam", "pk": 88, "fields": {"player": 88, "team": 38}}, {"model": "esi_players.playerteam", "pk": 89, "fields": {"player": 89, "team": 23}}, {"model": "esi_players.playerteam", "pk": 90, "fields": {"player": 90, "team": 39}}, {"model": "esi_players.playerteam", "pk": 91, "fields": {"player": 91, "team": 39}}, {"model": "esi_players.playerteam", "pk": 92, "fields": {"player": 92, "team": 40}}, {"model": "esi_players.playerteam", "pk": 93, "fields": {"player": 93, "team": 41}}, {"model": "esi_players.playerteam", "pk": 94, "fields": {"player": 94, "team": 42}}, {"model": "esi_players.playerteam", "pk": 95, "fields": {"player": 95, "team": 42}}, {"model": "esi_players.playerteam", "pk": 96, "fields": {"player": 96, "team": 43}}, {"model": "esi_players.playerteam", "pk": 97, "fields": {"player": 97, "team": 43}}, {"model": "esi_players.playerteam", "pk": 98, "fields": {"player": 98, "team": 43}}, {"model": "esi_players.playerteam", "pk": 99, "fields": {"player": 99, "team": 44}}, {"model": "esi_players.playerteam", "pk": 100, "fields": {"player": 100, "team": 45}}, {"model": "esi_players.playerteam", "pk": 101, "fields": {"player": 101, "team": 46}}, {"model": "esi_players.playerteam", "pk": 102, "fields": {"player": 102, "team": 47}}, {"model": "esi_players.playerteam", "pk": 103, "fields": {"player": 103, "team": 48}}, {"model": "esi_players.playerteam", "pk": 104, "fields": {"player": 104, "team": 47}}, {"model": "esi_players.playerteam", "pk": 105, "fields": {"player": 105, "team": 47}}, {"model": "esi_players.playerteam", "pk": 106, "fields": {"player": 106, "team": 49}}, {"model": "esi_players.playerteam", "pk": 107, "fields": {"player": 107, "team": 23}}, {"model": "esi_players.playerteam", "pk": 108, "fields": {"player": 108, "team": 2}}, {"model": "esi_players.playerteam", "pk": 109, "fields": {"player": 109, "team": 50}}, {"model": "esi_players.playerteam", "pk": 110, "fields": {"player": 110, "team": 50}}, {"model": "esi_players.playerteam", "pk": 111, "fields": {"player": 111, "team": 51}}, {"model": "esi_players.playerteam", "pk": 112, "fields": {"player": 112, "team": 52}}, {"model": "esi_players.playerteam", "pk": 113, "fields": {"player": 113, "team": 53}}, {"model": "esi_players.playerteam", "pk": 114, "fields": {"player": 114, "team": 54}}, {"model": "esi_players.playerteam", "pk": 115, "fields": {"player": 115, "team": 1}}, {"model": "esi_players.playerteam", "pk": 116, "fields": {"player": 116, "team": 1}}, {"model": "esi_players.playerteam", "pk": 117, "fields": {"player": 117, "team": 10}}, {"model": "esi_players.playerteam", "pk": 118, "fields": {"player": 118, "team": 55}}, {"model": "esi_players.playerteam", "pk": 119, "fields": {"player": 119, "team": 9}}, {"model": "esi_players.playerteam", "pk": 120, "fields": {"player": 120, "team": 12}}, {"model": "esi_players.playerteam", "pk": 121, "fields": {"player": 121, "team": 56}}, {"model": "esi_players.playerteam", "pk": 122, "fields": {"player": 122, "team": 57}}, {"model": "esi_players.map", "pk": 1, "fields": {"map_id": 142, "name": "Vertigo", "images": 27}}, {"model": "esi_players.map", "pk": 2, "fields": {"map_id": 4, "name": "Nuke", "images": 28}}, {"model": "esi_players.map", "pk": 3, "fields": {"map_id": 7, "name": "Overpass", "images": 29}}, {"model": "esi_players.map", "pk": 4, "fields": {"map_id": 8, "name": "Train", "images": 30}}, {"model": "esi_players.map", "pk": 5, "fields": {"map_id": 1, "name": "Dust2", "images": 31}}, {"model": "esi_players.map", "pk": 6, "fields": {"map_id": 6, "name": "Inferno", "images": 32}}, {"model": "esi_players.map", "pk": 7, "fields": {"map_id": 3, "name": "Mirage", "images": 33}}, {"model": "esi_players.tournament", "pk": 1, "fields": {"tournament_id": 4990, "title": "ESEA Premier Season 35 North America", "tier": 2, "start": "2020-08-29T23:00:00Z", "end": "2020-12-05T00:00:00Z", "short_title": "ESEA"}}, {"model": "esi_players.tournament", "pk": 2, "fields": {"tournament_id": 4991, "title": "ESEA Premier Season 35 Europe", "tier": 2, "start": "2020-08-29T23:00:00Z", "end": "2020-12-06T00:00:00Z", "short_title": "ESEA"}}, {"model": "esi_players.tournament", "pk": 3, "fields": {"tournament_id": 4992, "title": "ESEA Premier Season 35 Australia", "tier": 2, "start": "2020-08-29T23:00:00Z", "end": "2020-12-06T00:00:00Z", "short_title": "ESEA"}}, {"model": "esi_players.tournament", "pk": 4, "fields": {"tournament_id": 5113, "title": "ESL Pro League 12 Europe", "tier": 1, "start": "2020-08-30T23:00:00Z", "end": "2020-10-03T23:00:00Z", "short_title": "ESL"}}, {"model": "esi_players.tournament", "pk": 5, "fields": {"tournament_id": 5111, "title": "ESL Masters Spain Season 8", "tier": 3, "start": "2020-08-31T23:00:00Z", "end": null, "short_title": "ESL S"}}, {"model": "esi_players.tournament", "pk": 6, "fields": {"tournament_id": 5194, "title": "2020 ESL Premiership Autumn", "tier": 3, "start": "2020-09-05T23:00:00Z", "end": "2020-11-07T00:00:00Z", "short_title": "ESLUK"}}, {"model": "esi_players.tournament", "pk": 7, "fields": {"tournament_id": 5112, "title": "2020 ESL Mistrzostwa Polski Fall", "tier": 3, "start": "2020-09-05T23:00:00Z", "end": "2020-11-22T00:00:00Z", "short_title": "ESL MP"}}, {"model": "esi_players.tournament", "pk": 8, "fields": {"tournament_id": 5207, "title": " 2020 ESL Meisterschaft Autumn", "tier": 3, "start": "2020-09-13T23:00:00Z", "end": null, "short_title": "ESL GER"}}, {"model": "esi_players.tournament", "pk": 9, "fields": {"tournament_id": 5116, "title": "ESL Pro League 12 Oceania", "tier": 2, "start": "2020-09-19T23:00:00Z", "end": "2020-10-05T23:00:00Z", "short_title": "ESL"}}, {"model": "esi_players.tournament", "pk": 10, "fields": {"tournament_id": 5117, "title": "ESL Pro League 12 Asia", "tier": 2, "start": "2020-09-19T23:00:00Z", "end": "2020-10-05T23:00:00Z", "short_title": "ESL"}}, {"model": "esi_players.tournament", "pk": 11, "fields": {"tournament_id": 5115, "title": "ESL Pro League 12 South America", "tier": 2, "start": "2020-09-20T23:00:00Z", "end": "2020-09-28T23:00:00Z", "short_title": "ESL"}}, {"model": "esi_players.tournament", "pk": 12, "fields": {"tournament_id": 5056, "title": "2020 IEM XV New York Online NA", "tier": 1, "start": "2020-09-03T23:00:00Z", "end": null, "short_title": "IEM"}}, {"model": "esi_players.tournament", "pk": 13, "fields": {"tournament_id": 5057, "title": "2020 IEM XV New York Online CIS", "tier": 2, "start": "2020-09-03T23:00:00Z", "end": null, "short_title": "IEM"}}, {"model": "esi_players.tournament", "pk": 14, "fields": {"tournament_id": 5055, "title": "2020 IEM XV New York Online EU", "tier": 1, "start": "2020-09-07T23:00:00Z", "end": null, "short_title": "IEM"}}, {"model": "esi_players.tournament", "pk": 15, "fields": {"tournament_id": 5177, "title": "2020 IEM XV Beijing Online ASIA", "tier": 2, "start": "2020-11-05T00:00:00Z", "end": "2020-11-21T00:00:00Z", "short_title": "IEM"}}, {"model": "esi_players.tournament", "pk": 16, "fields": {"tournament_id": 5176, "title": "2020 IEM XV Beijing Online OCE", "tier": 2, "start": "2020-11-05T00:00:00Z", "end": "2020-11-21T00:00:00Z", "short_title": "IEM"}}, {"model": "esi_players.tournament", "pk": 17, "fields": {"tournament_id": 5174, "title": "2020 IEM XV Beijing Online EU", "tier": 1, "start": "2020-11-06T00:00:00Z", "end": "2020-11-22T00:00:00Z", "short_title": "IEM"}}, {"model": "esi_players.tournament", "pk": 18, "fields": {"tournament_id": 5175, "title": "2020 IEM XV Beijing Online NA", "tier": 1, "start": "2020-11-06T00:00:00Z", "end": "2020-11-22T00:00:00Z", "short_title": "IEM"}}, {"model": "auth.permission", "pk": 1, "fields": {"name": "Can add log entry", "content_type": 1, "codename": "add_logentry"}}, {"model": "auth.permission", "pk": 2, "fields": {"name": "Can change log entry", "content_type": 1, "codename": "change_logentry"}}, {"model": "auth.permission", "pk": 3, "fields": {"name": "Can delete log entry", "content_type": 1, "codename": "delete_logentry"}}, {"model": "auth.permission", "pk": 4, "fields": {"name": "Can view log entry", "content_type": 1, "codename": "view_logentry"}}, {"model": "auth.permission", "pk": 5, "fields": {"name": "Can add permission", "content_type": 2, "codename": "add_permission"}}, {"model": "auth.permission", "pk": 6, "fields": {"name": "Can change permission", "content_type": 2, "codename": "change_permission"}}, {"model": "auth.permission", "pk": 7, "fields": {"name": "Can delete permission", "content_type": 2, "codename": "delete_permission"}}, {"model": "auth.permission", "pk": 8, "fields": {"name": "Can view permission", "content_type": 2, "codename": "view_permission"}}, {"model": "auth.permission", "pk": 9, "fields": {"name": "Can add group", "content_type": 3, "codename": "add_group"}}, {"model": "auth.permission", "pk": 10, "fields": {"name": "Can change group", "content_type": 3, "codename": "change_group"}}, {"model": "auth.permission", "pk": 11, "fields": {"name": "Can delete group", "content_type": 3, "codename": "delete_group"}}, {"model": "auth.permission", "pk": 12, "fields": {"name": "Can view group", "content_type": 3, "codename": "view_group"}}, {"model": "auth.permission", "pk": 13, "fields": {"name": "Can add user", "content_type": 4, "codename": "add_user"}}, {"model": "auth.permission", "pk": 14, "fields": {"name": "Can change user", "content_type": 4, "codename": "change_user"}}, {"model": "auth.permission", "pk": 15, "fields": {"name": "Can delete user", "content_type": 4, "codename": "delete_user"}}, {"model": "auth.permission", "pk": 16, "fields": {"name": "Can view user", "content_type": 4, "codename": "view_user"}}, {"model": "auth.permission", "pk": 17, "fields": {"name": "Can add content type", "content_type": 5, "codename": "add_contenttype"}}, {"model": "auth.permission", "pk": 18, "fields": {"name": "Can change content type", "content_type": 5, "codename": "change_contenttype"}}, {"model": "auth.permission", "pk": 19, "fields": {"name": "Can delete content type", "content_type": 5, "codename": "delete_contenttype"}}, {"model": "auth.permission", "pk": 20, "fields": {"name": "Can view content type", "content_type": 5, "codename": "view_contenttype"}}, {"model": "auth.permission", "pk": 21, "fields": {"name": "Can add session", "content_type": 6, "codename": "add_session"}}, {"model": "auth.permission", "pk": 22, "fields": {"name": "Can change session", "content_type": 6, "codename": "change_session"}}, {"model": "auth.permission", "pk": 23, "fields": {"name": "Can delete session", "content_type": 6, "codename": "delete_session"}}, {"model": "auth.permission", "pk": 24, "fields": {"name": "Can view session", "content_type": 6, "codename": "view_session"}}, {"model": "auth.permission", "pk": 25, "fields": {"name": "Can add team", "content_type": 7, "codename": "add_team"}}, {"model": "auth.permission", "pk": 26, "fields": {"name": "Can change team", "content_type": 7, "codename": "change_team"}}, {"model": "auth.permission", "pk": 27, "fields": {"name": "Can delete team", "content_type": 7, "codename": "delete_team"}}, {"model": "auth.permission", "pk": 28, "fields": {"name": "Can view team", "content_type": 7, "codename": "view_team"}}, {"model": "auth.permission", "pk": 29, "fields": {"name": "Can add player", "content_type": 8, "codename": "add_player"}}, {"model": "auth.permission", "pk": 30, "fields": {"name": "Can change player", "content_type": 8, "codename": "change_player"}}, {"model": "auth.permission", "pk": 31, "fields": {"name": "Can delete player", "content_type": 8, "codename": "delete_player"}}, {"model": "auth.permission", "pk": 32, "fields": {"name": "Can view player", "content_type": 8, "codename": "view_player"}}, {"model": "auth.permission", "pk": 33, "fields": {"name": "Can add player team", "content_type": 9, "codename": "add_playerteam"}}, {"model": "auth.permission", "pk": 34, "fields": {"name": "Can change player team", "content_type": 9, "codename": "change_playerteam"}}, {"model": "auth.permission", "pk": 35, "fields": {"name": "Can delete player team", "content_type": 9, "codename": "delete_playerteam"}}, {"model": "auth.permission", "pk": 36, "fields": {"name": "Can view player team", "content_type": 9, "codename": "view_playerteam"}}, {"model": "auth.permission", "pk": 37, "fields": {"name": "Can add match", "content_type": 10, "codename": "add_match"}}, {"model": "auth.permission", "pk": 38, "fields": {"name": "Can change match", "content_type": 10, "codename": "change_match"}}, {"model": "auth.permission", "pk": 39, "fields": {"name": "Can delete match", "content_type": 10, "codename": "delete_match"}}, {"model": "auth.permission", "pk": 40, "fields": {"name": "Can view match", "content_type": 10, "codename": "view_match"}}, {"model": "auth.permission", "pk": 41, "fields": {"name": "Can add tournament", "content_type": 11, "codename": "add_tournament"}}, {"model": "auth.permission", "pk": 42, "fields": {"name": "Can change tournament", "content_type": 11, "codename": "change_tournament"}}, {"model": "auth.permission", "pk": 43, "fields": {"name": "Can delete tournament", "content_type": 11, "codename": "delete_tournament"}}, {"model": "auth.permission", "pk": 44, "fields": {"name": "Can view tournament", "content_type": 11, "codename": "view_tournament"}}, {"model": "auth.permission", "pk": 45, "fields": {"name": "Can add teams", "content_type": 12, "codename": "add_teams"}}, {"model": "auth.permission", "pk": 46, "fields": {"name": "Can change teams", "content_type": 12, "codename": "change_teams"}}, {"model": "auth.permission", "pk": 47, "fields": {"name": "Can delete teams", "content_type": 12, "codename": "delete_teams"}}, {"model": "auth.permission", "pk": 48, "fields": {"name": "Can view teams", "content_type": 12, "codename": "view_teams"}}, {"model": "auth.permission", "pk": 49, "fields": {"name": "Can add country", "content_type": 13, "codename": "add_country"}}, {"model": "auth.permission", "pk": 50, "fields": {"name": "Can change country", "content_type": 13, "codename": "change_country"}}, {"model": "auth.permission", "pk": 51, "fields": {"name": "Can delete country", "content_type": 13, "codename": "delete_country"}}, {"model": "auth.permission", "pk": 52, "fields": {"name": "Can view country", "content_type": 13, "codename": "view_country"}}, {"model": "auth.permission", "pk": 53, "fields": {"name": "Can add stats", "content_type": 14, "codename": "add_stats"}}, {"model": "auth.permission", "pk": 54, "fields": {"name": "Can change stats", "content_type": 14, "codename": "change_stats"}}, {"model": "auth.permission", "pk": 55, "fields": {"name": "Can delete stats", "content_type": 14, "codename": "delete_stats"}}, {"model": "auth.permission", "pk": 56, "fields": {"name": "Can view stats", "content_type": 14, "codename": "view_stats"}}, {"model": "auth.permission", "pk": 57, "fields": {"name": "Can add region", "content_type": 15, "codename": "add_region"}}, {"model": "auth.permission", "pk": 58, "fields": {"name": "Can change region", "content_type": 15, "codename": "change_region"}}, {"model": "auth.permission", "pk": 59, "fields": {"name": "Can delete region", "content_type": 15, "codename": "delete_region"}}, {"model": "auth.permission", "pk": 60, "fields": {"name": "Can view region", "content_type": 15, "codename": "view_region"}}, {"model": "auth.permission", "pk": 61, "fields": {"name": "Can add map", "content_type": 16, "codename": "add_map"}}, {"model": "auth.permission", "pk": 62, "fields": {"name": "Can change map", "content_type": 16, "codename": "change_map"}}, {"model": "auth.permission", "pk": 63, "fields": {"name": "Can delete map", "content_type": 16, "codename": "delete_map"}}, {"model": "auth.permission", "pk": 64, "fields": {"name": "Can view map", "content_type": 16, "codename": "view_map"}}, {"model": "auth.permission", "pk": 65, "fields": {"name": "Can add series", "content_type": 17, "codename": "add_series"}}, {"model": "auth.permission", "pk": 66, "fields": {"name": "Can change series", "content_type": 17, "codename": "change_series"}}, {"model": "auth.permission", "pk": 67, "fields": {"name": "Can delete series", "content_type": 17, "codename": "delete_series"}}, {"model": "auth.permission", "pk": 68, "fields": {"name": "Can view series", "content_type": 17, "codename": "view_series"}}, {"model": "auth.permission", "pk": 69, "fields": {"name": "Can add images", "content_type": 18, "codename": "add_images"}}, {"model": "auth.permission", "pk": 70, "fields": {"name": "Can change images", "content_type": 18, "codename": "change_images"}}, {"model": "auth.permission", "pk": 71, "fields": {"name": "Can delete images", "content_type": 18, "codename": "delete_images"}}, {"model": "auth.permission", "pk": 72, "fields": {"name": "Can view images", "content_type": 18, "codename": "view_images"}}, {"model": "auth.permission", "pk": 73, "fields": {"name": "Can add scores", "content_type": 19, "codename": "add_scores"}}, {"model": "auth.permission", "pk": 74, "fields": {"name": "Can change scores", "content_type": 19, "codename": "change_scores"}}, {"model": "auth.permission", "pk": 75, "fields": {"name": "Can delete scores", "content_type": 19, "codename": "delete_scores"}}, {"model": "auth.permission", "pk": 76, "fields": {"name": "Can view scores", "content_type": 19, "codename": "view_scores"}}, {"model": "auth.permission", "pk": 77, "fields": {"name": "Can add social media", "content_type": 20, "codename": "add_socialmedia"}}, {"model": "auth.permission", "pk": 78, "fields": {"name": "Can change social media", "content_type": 20, "codename": "change_socialmedia"}}, {"model": "auth.permission", "pk": 79, "fields": {"name": "Can delete social media", "content_type": 20, "codename": "delete_socialmedia"}}, {"model": "auth.permission", "pk": 80, "fields": {"name": "Can view social media", "content_type": 20, "codename": "view_socialmedia"}}, {"model": "contenttypes.contenttype", "pk": 1, "fields": {"app_label": "admin", "model": "logentry"}}, {"model": "contenttypes.contenttype", "pk": 2, "fields": {"app_label": "auth", "model": "permission"}}, {"model": "contenttypes.contenttype", "pk": 3, "fields": {"app_label": "auth", "model": "group"}}, {"model": "contenttypes.contenttype", "pk": 4, "fields": {"app_label": "auth", "model": "user"}}, {"model": "contenttypes.contenttype", "pk": 5, "fields": {"app_label": "contenttypes", "model": "contenttype"}}, {"model": "contenttypes.contenttype", "pk": 6, "fields": {"app_label": "sessions", "model": "session"}}, {"model": "contenttypes.contenttype", "pk": 7, "fields": {"app_label": "esi_players", "model": "team"}}, {"model": "contenttypes.contenttype", "pk": 8, "fields": {"app_label": "esi_players", "model": "player"}}, {"model": "contenttypes.contenttype", "pk": 9, "fields": {"app_label": "esi_players", "model": "playerteam"}}, {"model": "contenttypes.contenttype", "pk": 10, "fields": {"app_label": "esi_players", "model": "match"}}, {"model": "contenttypes.contenttype", "pk": 11, "fields": {"app_label": "esi_players", "model": "tournament"}}, {"model": "contenttypes.contenttype", "pk": 12, "fields": {"app_label": "esi_players", "model": "teams"}}, {"model": "contenttypes.contenttype", "pk": 13, "fields": {"app_label": "esi_players", "model": "country"}}, {"model": "contenttypes.contenttype", "pk": 14, "fields": {"app_label": "esi_players", "model": "stats"}}, {"model": "contenttypes.contenttype", "pk": 15, "fields": {"app_label": "esi_players", "model": "region"}}, {"model": "contenttypes.contenttype", "pk": 16, "fields": {"app_label": "esi_players", "model": "map"}}, {"model": "contenttypes.contenttype", "pk": 17, "fields": {"app_label": "esi_players", "model": "series"}}, {"model": "contenttypes.contenttype", "pk": 18, "fields": {"app_label": "esi_players", "model": "images"}}, {"model": "contenttypes.contenttype", "pk": 19, "fields": {"app_label": "esi_players", "model": "scores"}}, {"model": "contenttypes.contenttype", "pk": 20, "fields": {"app_label": "esi_players", "model": "socialmedia"}}]